t,I_real,I_model,u_opt,R0_t,eta_acum
1,2,0,0.440461917565407,1.26059973887809,9.00719925474099e+15
2,1,0,0.440461917565407,1.26059973887809,2.27034383705035
3,0,0,0.440461917565407,1.26059973887809,0
4,1,0,0.440461917565407,1.26059973887809,0.756781279016782
5,0,21.6743481560435,0.440461917565407,1.26059973887809,-12.3020556895392
6,1,17.3597842298236,0.440461917565407,1.26059973887809,-7.4284670603307
7,2,14.6855827585043,0.440461917565407,1.26059973887809,-4.80010577252705
8,2,13.0572497457889,0.440461917565407,1.26059973887809,-3.58625125929689
9,0,12.0963002178804,0.440461917565407,1.26059973887809,-3.43284508134695
10,0,11.5617886812826,0.440461917565407,1.26059973887809,-2.91658174198092
11,0,11.3003415799442,0.440461917565407,1.26059973887809,-2.565566086259
12,0,11.2143415165541,0.440461917565407,1.26059973887809,-2.31458283169876
13,0,11.2416701569914,0.411969367726204,1.32479143916592,-2.13261949009708
14,1,11.3428109033658,0.411969367726204,1.32479143916592,-1.8198709535754
15,1,11.4926375333319,0.411969367726204,1.32479143916592,-1.72144908637361
16,0,11.6751863088512,0.411969367726204,1.32479143916592,-1.79419375870864
17,0,11.8803275737099,0.411969367726204,1.32479143916592,-1.71701524180234
18,0,12.2339095567658,0.411969367726204,1.32479143916592,-1.6687586912532
19,0,12.5760332398411,0.411969367726204,1.32479143916592,-1.62415727804578
20,0,12.913870001581,0.411969367726204,1.32479143916592,-1.58353643908987
21,1,13.2520241657925,0.411969367726204,1.32479143916592,-1.43013309908242
22,1,13.5934794825036,0.411969367726204,1.32479143916592,-1.40254482296305
23,0,13.9401972960351,0.411969367726204,1.32479143916592,-1.4844224818448
24,0,14.2934945985921,0.411969367726204,1.32479143916592,-1.45807949008514
25,0,14.654282983038,0.408455100135306,1.33270883558004,-1.43484149310565
26,0,15.0232196909294,0.408455100135306,1.33270883558004,-1.41439908673005
27,1,15.4008031090619,0.408455100135306,1.33270883558004,-1.30559345146189
28,0,15.7874331602141,0.408455100135306,1.33270883558004,-1.38019684905417
29,0,16.1834495088466,0.408455100135306,1.33270883558004,-1.36603864858657
30,0,16.6109239238382,0.408455100135306,1.33270883558004,-1.35539105388708
31,0,17.0445605366691,0.408455100135306,1.33270883558004,-1.34591689892483
32,0,17.4862343131086,0.408455100135306,1.33270883558004,-1.33764961863501
33,0,17.9372317493637,0.408455100135306,1.33270883558004,-1.33057494339302
34,0,18.3984701717912,0.408455100135306,1.33270883558004,-1.32465370263281
35,1,18.870636258204,0.408455100135306,1.33270883558004,-1.24989386338188
36,1,19.3542735549281,0.408455100135306,1.33270883558004,-1.24806550075841
37,2,19.8498377892968,0.402571341186146,1.34596452849492,-1.18119391081469
38,0,20.3577318479601,0.402571341186146,1.34596452849492,-1.31219460894339
39,1,20.8783279161752,0.402571341186146,1.34596452849492,-1.24888705203966
40,1,21.4119815106782,0.402571341186146,1.34596452849492,-1.2507797349096
41,0,21.9590403944118,0.402571341186146,1.34596452849492,-1.31318448686801
42,3,22.5691111193997,0.402571341186146,1.34596452849492,-1.14275197631007
43,0,23.1846793330797,0.402571341186146,1.34596452849492,-1.3227889207041
44,1,23.8097372636105,0.402571341186146,1.34596452849492,-1.27217683858346
45,2,24.4469546055679,0.402571341186146,1.34596452849492,-1.22445089014311
46,1,25.0981707404195,0.402571341186146,1.34596452849492,-1.28627622227122
47,10,25.7647051668521,0.402571341186146,1.34596452849492,-0.823764004251665
48,6,26.4475533095946,0.402571341186146,1.34596452849492,-1.04644720215799
49,2,27.1475100570551,0.391934189102148,1.36992928006491,-1.26133427267103
50,2,27.865247730201,0.391934189102148,1.36992928006491,-1.2723223122334
51,4,28.6013653190495,0.391934189102148,1.36992928006491,-1.1872617092631
52,3,29.3564196024842,0.391934189102148,1.36992928006491,-1.24834842875674
53,4,30.1309448448821,0.391934189102148,1.36992928006491,-1.21511214279121
54,2,31.0469072768839,0.391934189102148,1.36992928006491,-1.32653058384276
55,4,31.9622780964755,0.391934189102148,1.36992928006491,-1.25454198767641
56,3,32.8866209618886,0.391934189102148,1.36992928006491,-1.31770761581925
57,2,33.8261981853578,0.391934189102148,1.36992928006491,-1.37938754107875
58,2,34.7852018159664,0.391934189102148,1.36992928006491,-1.39721754207711
59,7,35.7665279720522,0.391934189102148,1.36992928006491,-1.20581152581197
60,3,36.7722639328271,0.391934189102148,1.36992928006491,-1.39275654408426
61,5,37.8039945875012,0.371179349981951,1.41668846517978,-1.33186814473633
62,2,38.8629952785333,0.371179349981951,1.41668846517978,-1.47444661638092
63,3,39.9503531969494,0.371179349981951,1.41668846517978,-1.45631960244617
64,6,41.0670438422623,0.371179349981951,1.41668846517978,-1.36216551594771
65,1,42.2139792204984,0.371179349981951,1.41668846517978,-1.57818601701485
66,26,43.7204226151556,0.371179349981951,1.41668846517978,-0.669049702145504
67,6,45.2022528132603,0.371179349981951,1.41668846517978,-1.45965862402603
68,10,46.68511455123,0.371179349981951,1.41668846517978,-1.34731479521295
69,6,48.1855325755265,0.371179349981951,1.41668846517978,-1.52848920879497
70,10,49.7143374458389,0.371179349981951,1.41668846517978,-1.41985619697735
71,10,51.2788092810869,0.371179349981951,1.41668846517978,-1.45646108848839
72,12,52.8840193493358,0.371179349981951,1.41668846517978,-1.42388361186982
73,5,54.5336697523408,0.321354489338172,1.52894035345859,-1.70457193529685
74,6,56.2306190614149,0.321354489338172,1.52894035345859,-1.70964933947228
75,9,57.9772114425253,0.321354489338172,1.52894035345859,-1.64895273739613
76,12,59.7754828127733,0.321354489338172,1.52894035345859,-1.59127675744017
77,20,61.6272900433481,0.321354489338172,1.52894035345859,-1.37181331128051
78,19,64.6621146937268,0.321354489338172,1.52894035345859,-1.48901078147282
79,14,67.5628257534756,0.321354489338172,1.52894035345859,-1.72853407014904
80,20,70.4192107250037,0.321354489338172,1.52894035345859,-1.61038552302256
81,9,73.2881568571205,0.321354489338172,1.52894035345859,-2.03249692110297
82,32,76.2062570671464,0.321354489338172,1.52894035345859,-1.38354281657737
83,25,79.1976029398358,0.321354489338172,1.52894035345859,-1.67935614734589
84,32,82.2786028750187,0.321354489338172,1.52894035345859,-1.54256283489348
85,28,85.4609613933417,0.288249965354771,1.60352250541432,-1.74658670495491
86,38,88.7535217399799,0.288249965354771,1.60352250541432,-1.5293077032924
87,33,92.1634057784625,0.288249965354771,1.60352250541432,-1.76736420515928
88,49,95.6967194321796,0.288249965354771,1.60352250541432,-1.38304291763154
89,50,99.3589894905885,0.288249965354771,1.60352250541432,-1.44951794962671
90,63,104.309977988879,0.288249965354771,1.60352250541432,-1.20296079635265
91,110,109.212615254808,0.288249965354771,1.60352250541432,0.0227380533314297
92,88,114.163241460226,0.288249965354771,1.60352250541432,-0.749303395386281
93,57,119.223968617031,0.288249965354771,1.60352250541432,-1.76747517839655
94,115,124.436006631513,0.288249965354771,1.60352250541432,-0.265853532557076
95,105,129.827838818609,0.288249965354771,1.60352250541432,-0.693873563681679
96,142,135.420238091264,0.288249965354771,1.60352250541432,0.18241771610893
97,203,141.229345011597,0.315212151733758,1.54277860580154,1.698326507464
98,184,147.268556681917,0.315212151733758,1.54277860580154,1.00121971748804
99,151,153.549685852807,0.315212151733758,1.54277860580154,-0.0689068749728292
100,133,160.083672003027,0.315212151733758,1.54277860580154,-0.725770687704706
101,195,166.88101719654,0.315212151733758,1.54277860580154,0.747202765110759
102,154,172.419849049359,0.315212151733758,1.54277860580154,-0.485402923486654
103,305,178.485909919792,0.315212151733758,1.54277860580154,3.30645518210227
104,209,184.972346692475,0.315212151733758,1.54277860580154,0.62283355085918
105,204,191.815993031805,0.315212151733758,1.54277860580154,0.313268461528709
106,388,198.980725848617,0.315212151733758,1.54277860580154,4.82088805673188
107,184,206.44717829556,0.315212151733758,1.54277860580154,-0.567943590597185
108,160,214.206379689689,0.315212151733758,1.54277860580154,-1.36064228773346
109,379,222.255821322199,0.374819154118132,1.4084882438049,3.90067762702153
110,270,230.597020759477,0.374819154118132,1.4084882438049,0.971506129183495
111,305,239.234011621508,0.374819154118132,1.4084882438049,1.60665553499445
112,161,248.172404755353,0.374819154118132,1.4084882438049,-2.11028836107447
113,206,257.418801979165,0.374819154118132,1.4084882438049,-1.23356444250308
114,162,261.666763277618,0.374819154118132,1.4084882438049,-2.36974967604239
115,106,267.111263252914,0.374819154118132,1.4084882438049,-3.79686140574134
116,217,273.372368624409,0.374819154118132,1.4084882438049,-1.31687858855184
117,268,280.212283782335,0.374819154118132,1.4084882438049,-0.282807061489556
118,243,287.48242045133,0.374819154118132,1.4084882438049,-1.02124137603648
119,320,295.090165047711,0.374819154118132,1.4084882438049,0.567008581210376
120,758,302.978010604674,0.374819154118132,1.4084882438049,10.2697901855594
121,358,311.110450241932,0.703628197082012,0.667704717690804,1.04556658854138
122,173,319.465742958486,0.703628197082012,0.667704717690804,-3.21551529297379
123,605,328.030738216073,0.703628197082012,0.667704717690804,5.98809423273382
124,326,336.797620921633,0.703628197082012,0.667704717690804,-0.229947227219443
125,317,345.761862165176,0.703628197082012,0.667704717690804,-0.60347276551268
126,119,313.733630720456,0.703628197082012,0.667704717690804,-4.02639962487444
127,378,289.099798480098,0.703628197082012,0.667704717690804,1.81178155819868
128,485,269.650222754461,0.703628197082012,0.667704717690804,4.3267719357419
129,248,253.85773562727,0.703628197082012,0.667704717690804,-0.116052002591367
130,354,240.666354252136,0.703628197082012,0.667704717690804,2.21446810368861
131,210,229.345177030281,0.703628197082012,0.667704717690804,-0.372866249206113
132,179,219.387605265605,0.703628197082012,0.667704717690804,-0.768029940519246
133,152,210.441832038706,0.777667487550682,0.50089943104182,-1.09592218763579
134,55,202.262896988501,0.777667487550682,0.50089943104182,-2.72183386848756
135,97,194.679614664215,0.777667487550682,0.50089943104182,-1.77981278148828
136,69,187.571760741585,0.777667487550682,0.50089943104182,-2.13030099475264
137,246,180.85433296654,0.777667487550682,0.50089943104182,1.1543017175846
138,278,167.026277839457,0.777667487550682,0.50089943104182,1.93959266126578
139,109,155.222975968834,0.777667487550682,0.50089943104182,-0.797049136378834
140,143,144.956919434281,0.777667487550682,0.50089943104182,-0.0332977627296118
141,110,135.877620590901,0.777667487550682,0.50089943104182,-0.43456767048479
142,103,127.731873582696,0.777667487550682,0.50089943104182,-0.409972882390293
143,78,120.335607569774,0.777667487550682,0.50089943104182,-0.692853042862427
144,60,113.553946545123,0.777667487550682,0.50089943104182,-0.865434857031175
145,114,107.287079378342,0.76432641096056,0.530955933349375,0.107146210745832
146,137,101.460243732349,0.76432641096056,0.530955933349375,0.560419974138908
147,84,96.0166230211957,0.76432641096056,0.530955933349375,-0.187231339783202
148,87,90.9123063274467,0.76432641096056,0.530955933349375,-0.0602403526106632
149,159,86.1127094689829,0.76432641096056,0.530955933349375,1.10923907789551
150,90,82.352087265043,0.76432641096056,0.530955933349375,0.115051886755671
151,45,78.6539337435309,0.76432641096056,0.530955933349375,-0.500520124958737
152,82,75.0502919819998,0.76432641096056,0.530955933349375,0.1021982074618
153,70,71.5613374569687,0.76432641096056,0.530955933349375,-0.0227048887165127
154,65,68.1989925711533,0.76432641096056,0.530955933349375,-0.0460082129994638
155,31,64.9694696696076,0.76432641096056,0.530955933349375,-0.483240046409276
156,36,61.8750589369516,0.76432641096056,0.530955933349375,-0.364132013330616
157,14,58.9153841744193,0.649340672158758,0.790010673068899,-0.62585543038792
158,38,56.0882836382378,0.649340672158758,0.790010673068899,-0.249783904136057
159,90,53.3904267337015,0.649340672158758,0.790010673068899,0.501054377615545
160,40,50.8177446639202,0.649340672158758,0.790010673068899,-0.146752100957334
161,29,48.3657300858574,0.649340672158758,0.790010673068899,-0.260418949931237
162,56,49.6094149187895,0.649340672158758,0.790010673068899,0.0851929295777096
163,29,50.0738106115386,0.649340672158758,0.790010673068899,-0.278524094607344
164,53,50.0170521761474,0.649340672158758,0.790010673068899,0.0390889594790484
165,114,49.6143902085013,0.649340672158758,0.790010673068899,0.83659924166768
166,45,48.9847537513555,0.649340672158758,0.790010673068899,-0.0513430021389196
167,66,48.2087996270631,0.649340672158758,0.790010673068899,0.227335124573518
168,47,47.3411775749105,0.649340672158758,0.790010673068899,-0.00432367646127622
169,60,46.4188652151245,0.658456807314444,0.769472665098408,0.170696540039203
170,47,45.4668324165345,0.658456807314444,0.769472665098408,0.0191116812894461
171,5,44.5018908704496,0.658456807314444,0.769472665098408,-0.488401532893506
172,82,43.535310374824,0.658456807314444,0.769472665098408,0.471737084370975
173,50,42.5745969734879,0.658456807314444,0.769472665098408,0.0903368185546866
174,63,41.4280325838747,0.658456807314444,0.769472665098408,0.260357061852414
175,49,40.3394371014352,0.658456807314444,0.769472665098408,0.103702207376834
176,65,39.2978627828798,0.658456807314444,0.769472665098408,0.305351734365075
177,24,38.2956678512613,0.658456807314444,0.769472665098408,-0.16852000080508
178,16,37.3274681233851,0.658456807314444,0.769472665098408,-0.249475741211077
179,36,36.389422320324,0.658456807314444,0.769472665098408,-0.00452040807352795
180,32,35.4787448204025,0.658456807314444,0.769472665098408,-0.040074907515478
181,55,34.5933734430927,0.615811418211026,0.865549711604725,0.233370095845724
182,48,33.7317429085638,0.615811418211026,0.865549711604725,0.162030641036409
183,37,32.8926303319971,0.615811418211026,0.865549711604725,0.0463194604298251
184,42,32.075049822344,0.615811418211026,0.865549711604725,0.111153324547445
185,16,31.2781805554418,0.615811418211026,0.865549711604725,-0.169934218469894
186,45,31.1854022015467,0.615811418211026,0.865549711604725,0.152609967572972
187,64,30.9581348768933,0.615811418211026,0.865549711604725,0.362547372916393
188,21,30.6429291697102,0.615811418211026,0.865549711604725,-0.10509560807103
189,41,30.2710864718547,0.615811418211026,0.865549711604725,0.116151890005247
190,39,29.8636424619861,0.615811418211026,0.865549711604725,0.0982557265306701
191,66,29.4347220025659,0.615811418211026,0.865549711604725,0.390649219769081
192,24,28.993797714808,0.615811418211026,0.865549711604725,-0.053003082006678
193,66,28.5472105187427,0.564349898945082,0.981488876043102,0.395041614902698
194,23,28.0991933230938,0.564349898945082,0.981488876043102,-0.0534666084012579
195,31,27.6525602254189,0.564349898945082,0.981488876043102,0.0348924622981086
196,61,27.2091705227276,0.564349898945082,0.981488876043102,0.350163129159453
197,39,26.7702411144696,0.564349898945082,0.981488876043102,0.125996077953456
198,10,26.9956326529583,0.564349898945082,0.981488876043102,-0.174083944380872
199,13,27.0840318304604,0.564349898945082,0.981488876043102,-0.143431699364071
200,42,27.0818524334453,0.564349898945082,0.981488876043102,0.151058147287165
201,66,27.0198949470766,0.564349898945082,0.981488876043102,0.392461944805089
202,34,26.918598787844,0.564349898945082,0.981488876043102,0.0708945843019425
203,22,26.7915275928529,0.564349898945082,0.981488876043102,-0.0477002910913262
204,72,26.6476820414855,0.564349898945082,0.981488876043102,0.44896595464343
205,41,26.4930346595986,0.543925891471773,1.02750272084822,0.142828408572212
206,62,26.3315483422271,0.543925891471773,1.02750272084822,0.349303342585426
207,35,26.1658522730354,0.543925891471773,1.02750272084822,0.0860549635072708
208,48,25.9976904893344,0.543925891471773,1.02750272084822,0.213198680635027
209,17,25.8282195704871,0.543925891471773,1.02750272084822,-0.0850954637053156
210,172,25.8924097396645,0.543925891471773,1.02750272084822,1.40099001227162
211,36,25.9081062929735,0.543925891471773,1.02750272084822,0.0962666193795137
212,38,25.8918077758648,0.543925891471773,1.02750272084822,0.114903919675497
213,12,25.8544041392108,0.543925891471773,1.02750272084822,-0.130799909608317
214,32,25.8030836388081,0.543925891471773,1.02750272084822,0.0582063992712544
215,36,25.7425913619635,0.543925891471773,1.02750272084822,0.0958560658416991
216,35,25.6760598493007,0.543925891471773,1.02750272084822,0.0866920923581476
217,58,25.605557308948,0.523331867294318,1.07389960126714,0.299709883639169
218,52,25.5324494452187,0.523331867294318,1.07389960126714,0.243694993151898
219,26,25.45763827346,0.523331867294318,1.07389960126714,0.00496974695320844
220,24,25.3817197450803,0.523331867294318,1.07389960126714,-0.0126004941977889
221,19,25.3050877861379,0.523331867294318,1.07389960126714,-0.0572256873521155
222,39,25.4530524265189,0.523331867294318,1.07389960126714,0.122372376325374
223,22,25.5549962757862,0.523331867294318,1.07389960126714,-0.0319619201872399
224,55,25.6266597980979,0.523331867294318,1.07389960126714,0.262850272486925
225,94,25.6783758520765,0.523331867294318,1.07389960126714,0.608533073018124
226,17,25.716927501039,0.523331867294318,1.07389960126714,-0.0772804750794733
227,5,25.7467675325913,0.523331867294318,1.07389960126714,-0.183082352139727
228,36,25.7708189974547,0.523331867294318,1.07389960126714,0.0898536786664354
229,25,25.7910007205633,0.45363601535025,1.23091942801297,-0.00691850666354339
230,37,25.8085722756129,0.45363601535025,1.23091942801297,0.0974992379935459
231,59,25.8243604483239,0.45363601535025,1.23091942801297,0.287887001876618
232,54,25.8389079032165,0.45363601535025,1.23091942801297,0.243414251426227
233,13,25.8525707803918,0.45363601535025,1.23091942801297,-0.110659052190472
234,4,26.6234900941759,0.45363601535025,1.23091942801297,-0.194027641116083
235,20,27.242554074566,0.45363601535025,1.23091942801297,-0.061874168879334
236,17,27.7651000277856,0.45363601535025,1.23091942801297,-0.0916127365851326
237,22,28.2268188404686,0.45363601535025,1.23091942801297,-0.0527874453468395
238,31,28.6507351585785,0.45363601535025,1.23091942801297,0.0198394415572224
239,31,29.0517074519293,0.45363601535025,1.23091942801297,0.0163904568080247
240,34,29.4393292272881,0.45363601535025,1.23091942801297,0.0382218197340418
241,14,29.8197994867426,0.415348883546647,1.31717762896332,-0.132100681250347
242,26,30.1971286607317,0.415348883546647,1.31717762896332,-0.034926310133106
243,25,30.5739161153431,0.415348883546647,1.31717762896332,-0.046223452570621
244,11,30.95185144501,0.415348883546647,1.31717762896332,-0.164889057908871
245,34,31.3320376814279,0.415348883546647,1.31717762896332,0.021973544840213
246,14,32.1811764925441,0.415348883546647,1.31717762896332,-0.149231084968755
247,25,32.9461264336501,0.415348883546647,1.31717762896332,-0.0650002030504941
248,35,33.6612105725318,0.415348883546647,1.31717762896332,0.0109143646197438
249,32,34.3484120277082,0.415348883546647,1.31717762896332,-0.0190806164536241
250,37,35.0218338191956,0.415348883546647,1.31717762896332,0.0160183487878381
251,29,35.6905470375331,0.415348883546647,1.31717762896332,-0.0539956012560787
252,42,36.3604097888033,0.415348883546647,1.31717762896332,0.0453618712083311
253,45,37.0352288597905,0.4084077678973,1.33281547176575,0.0638528527493209
254,28,37.7175016246275,0.4084077678973,1.33281547176575,-0.0776500956730161
255,18,38.4088898760614,0.4084077678973,1.33281547176575,-0.162551787847842
256,41,39.1105224493598,0.4084077678973,1.33281547176575,0.0150004295239204
257,27,39.823188501912,0.4084077678973,1.33281547176575,-0.101473383348451
258,51,40.6506177432024,0.4084077678973,1.33281547176575,0.0816336536616289
259,65,41.47130299264,0.4084077678973,1.33281547176575,0.184993250201622
260,28,42.293049033179,0.4084077678973,1.33281547176575,-0.112018709805084
261,31,43.1209205639455,0.4084077678973,1.33281547176575,-0.0946920272264042
262,17,43.9582359863697,0.4084077678973,1.33281547176575,-0.209935472849474
263,41,44.8072010949138,0.4084077678973,1.33281547176575,-0.029554329727208
264,54,45.6693131563724,0.4084077678973,1.33281547176575,0.0644646178994406
265,41,46.5456185763185,0.403388176383518,1.34412425654769,-0.0427788052225334
266,46,47.4368772024298,0.403388176383518,1.34412425654769,-0.0110496621842903
267,55,48.3436670913283,0.403388176383518,1.34412425654769,0.0510292577787658
268,46,49.2664513085458,0.403388176383518,1.34412425654769,-0.0249643021121829
269,27,50.205620515758,0.403388176383518,1.34412425654769,-0.176807050191327
270,27,51.2548285873275,0.403388176383518,1.34412425654769,-0.184234880324822
271,51,52.3041698119362,0.403388176383518,1.34412425654769,-0.00987595543724661
272,65,53.3606956971415,0.403388176383518,1.34412425654769,0.0878713674990536
273,28,54.4290134416122,0.403388176383518,1.34412425654769,-0.19892104230704
274,25,55.5121742019539,0.403388176383518,1.34412425654769,-0.228958275267027
275,26,56.6122389223176,0.403388176383518,1.34412425654769,-0.229015922754517
276,10,57.7306387688913,0.403388176383518,1.34412425654769,-0.356007527227765
277,43,58.8684047220879,0.410964552008912,1.3270552179338,-0.117998979126336
278,65,60.0263138157866,0.410964552008912,1.3270552179338,0.036872127208393
279,43,61.2049822745398,0.410964552008912,1.3270552179338,-0.134551621930737
280,40,62.4049248191247,0.410964552008912,1.3270552179338,-0.165091623307724
281,67,63.6265924162801,0.410964552008912,1.3270552179338,0.0247820492901164
282,63,64.6930023593987,0.410964552008912,1.3270552179338,-0.0123998597756071
283,51,65.8140159887512,0.410964552008912,1.3270552179338,-0.108174965525472
284,112,66.9772830417994,0.410964552008912,1.3270552179338,0.327781405349866
285,86,68.1750166666759,0.410964552008912,1.3270552179338,0.129385107362777
286,146,69.4023438825733,0.410964552008912,1.3270552179338,0.554341059898628
287,63,70.6562524261771,0.410964552008912,1.3270552179338,-0.0552443746750801
288,105,71.9349183252859,0.410964552008912,1.3270552179338,0.23787866255418
289,69,73.2372765304333,0.446301329952368,1.24744395563242,-0.0303903376088999
290,55,74.5627467192097,0.446301329952368,1.24744395563242,-0.139859065109329
291,78,75.9110581675961,0.446301329952368,1.24744395563242,0.0148868779840563
292,62,77.2821378696445,0.446301329952368,1.24744395563242,-0.108563111399382
293,55,78.6760390376905,0.446301329952368,1.24744395563242,-0.167661160379682
294,86,79.0639272890474,0.446301329952368,1.24744395563242,0.048962845305155
295,67,79.662680093591,0.446301329952368,1.24744395563242,-0.0891071484706586
296,101,80.4007559226298,0.446301329952368,1.24744395563242,0.144502838708158
297,29,81.23206258389,0.446301329952368,1.24744395563242,-0.365262184748362
298,100,82.1269061762637,0.446301329952368,1.24744395563242,0.124598823978557
299,70,83.0661591101062,0.446301329952368,1.24744395563242,-0.0908056823446998
300,49,84.0375022033653,0.446301329952368,1.24744395563242,-0.242746667014374
301,88,85.033003150667,0.444998933089453,1.25037816368161,0.0204926622373465
302,78,86.0475560687824,0.444998933089453,1.25037816368161,-0.0554131105470761
303,57,87.0778758829563,0.444998933089453,1.25037816368161,-0.206474764802906
304,26,88.121850240503,0.444998933089453,1.25037816368161,-0.425147423163289
305,59,89.1781218149718,0.444998933089453,1.25037816368161,-0.205904935067616
306,78,90.2902830234705,0.444998933089453,1.25037816368161,-0.0836026061381931
307,91,91.4049295467574,0.444998933089453,1.25037816368161,-0.0027461532021306
308,88,92.5248465180437,0.444998933089453,1.25037816368161,-0.0305942960837736
309,71,93.651831487355,0.444998933089453,1.25037816368161,-0.15269864551718
310,58,94.7870445527919,0.444998933089453,1.25037816368161,-0.247244089797114
311,60,95.9312339617633,0.444998933089453,1.25037816368161,-0.240772119293657
312,77,97.0848814694695,0.444998933089453,1.25037816368161,-0.134186937363546
313,82,98.2482959895448,0.432290174166344,1.27901009899194,-0.108237540655098
314,83,99.4216739230667,0.432290174166344,1.27901009899194,-0.109078380884478
315,87,100.605138013413,0.432290174166344,1.27901009899194,-0.0901112378546542
316,99,101.798762361422,0.432290174166344,1.27901009899194,-0.0184841861850529
317,45,103.002588520691,0.432290174166344,1.27901009899194,-0.381982556397864
318,39,104.716159294025,0.432290174166344,1.27901009899194,-0.431552557412506
319,89,106.345629809825,0.432290174166344,1.27901009899194,-0.113584863368551
320,95,107.926642307987,0.432290174166344,1.27901009899194,-0.0844089433780084
321,110,109.482118940736,0.432290174166344,1.27901009899194,0.00337216305539914
322,109,111.02680398325,0.432290174166344,1.27901009899194,-0.0131604134951033
323,134,112.570183114242,0.432290174166344,1.27901009899194,0.13875828225195
324,83,114.11835971937,0.432290174166344,1.27901009899194,-0.200929277840174
325,64,115.675260886699,0.443485570973326,1.25378766153047,-0.332723140563032
326,68,117.243412580424,0.443485570973326,1.25378766153047,-0.316162325122715
327,101,118.824437901146,0.443485570973326,1.25378766153047,-0.114115065785667
328,120,120.419377348728,0.443485570973326,1.25378766153047,-0.00267732306662075
329,150,122.02889466392,0.443485570973326,1.25378766153047,0.178064599817623
330,115,123.140084435342,0.443485570973326,1.25378766153047,-0.051674047488183
331,84,124.362742048221,0.443485570973326,1.25378766153047,-0.255507284170258
332,112,125.66095254666,0.443485570973326,1.25378766153047,-0.0862354992788485
333,97,127.011517477212,0.443485570973326,1.25378766153047,-0.188920433927118
334,114,128.399438681493,0.443485570973326,1.25378766153047,-0.0903911280798939
335,89,129.815005606031,0.443485570973326,1.25378766153047,-0.255501076666052
336,97,131.251916676679,0.443485570973326,1.25378766153047,-0.213822661319498
337,95,132.706067545474,0.411634710604404,1.32554539800017,-0.23475911224861
338,112,134.174769428752,0.411634710604404,1.32554539800017,-0.137707857771679
339,60,135.656244842704,0.411634710604404,1.32554539800017,-0.468635971664297
340,101,137.149302263205,0.411634710604404,1.32554539800017,-0.223349411521827
341,126,138.65312620061,0.411634710604404,1.32554539800017,-0.0779793473239706
342,120,141.840893423842,0.411634710604404,1.32554539800017,-0.134261598545919
343,146,144.72056186187,0.411634710604404,1.32554539800017,0.00784518419784878
344,157,147.412892095023,0.411634710604404,1.32554539800017,0.058637665745637
345,115,149.995239837052,0.411634710604404,1.32554539800017,-0.213503987547437
346,50,152.517158560215,0.411634710604404,1.32554539800017,-0.623884612315684
347,114,155.010390208075,0.411634710604404,1.32554539800017,-0.248951666618911
348,145,157.495262955124,0.411634710604404,1.32554539800017,-0.0756628456642393
349,150,159.984788408556,0.474046279377595,1.18493654621992,-0.060299417489444
350,169,162.487285643751,0.474046279377595,1.18493654621992,0.0392188403578376
351,227,165.008061819741,0.474046279377595,1.18493654621992,0.372245912776487
352,191,167.550488579207,0.474046279377595,1.18493654621992,0.140408709041516
353,153,170.116691448052,0.474046279377595,1.18493654621992,-0.102199575905743
354,245,168.82404874697,0.474046279377595,1.18493654621992,0.453544245317421
355,234,168.2788737602,0.474046279377595,1.18493654621992,0.390195929459382
356,216,168.218579016862,0.474046279377595,1.18493654621992,0.282889091790256
357,177,168.472124204425,0.474046279377595,1.18493654621992,0.0503478384928827
358,153,168.928070662383,0.474046279377595,1.18493654621992,-0.0937754945525028
359,93,169.513785552018,0.474046279377595,1.18493654621992,-0.449216280199782
360,60,170.181903652592,0.474046279377595,1.18493654621992,-0.645088116880881
361,104,170.901513427376,0.475773011392155,1.18104634107571,-0.390605938093753
362,199,171.652418421426,0.475773011392155,1.18104634107571,0.159227145639687
363,149,172.421400699045,0.475773011392155,1.18104634107571,-0.135990842559569
364,198,173.199787691013,0.475773011392155,1.18104634107571,0.143599897650733
365,215,173.981867674201,0.475773011392155,1.18104634107571,0.236853518504978
366,139,174.647052301901,0.475773011392155,1.18104634107571,-0.20527501251146
367,86,175.332558714395,0.475773011392155,1.18104634107571,-0.513019652846497
368,199,176.028584997927,0.475773011392155,1.18104634107571,0.131560944904952
369,124,176.728683083877,0.475773011392155,1.18104634107571,-0.301164926452725
370,192,177.428591700833,0.475773011392155,1.18104634107571,0.0830004475494152
371,171,178.125475672512,0.475773011392155,1.18104634107571,-0.0404778462689917
372,158,178.817430046269,0.475773011392155,1.18104634107571,-0.117939273916167
373,124,179.503156835699,0.497742411456744,1.13155083602585,-0.313583370057958
374,155,180.181754280904,0.497742411456744,1.13155083602585,-0.141873645585223
375,176,180.852579459029,0.497742411456744,1.13155083602585,-0.0272629110148398
376,202,181.515158715927,0.497742411456744,1.13155083602585,0.11476762488454
377,194,182.169129277759,0.497742411456744,1.13155083602585,0.0660988793969744
378,205,181.260291996631,0.497742411456744,1.13155083602585,0.132265542250622
379,268,180.649165664121,0.497742411456744,1.13155083602585,0.485328390563906
380,149,180.229836981653,0.497742411456744,1.13155083602585,-0.173036998930341
381,148,179.932790861904,0.497742411456744,1.13155083602585,-0.17644528365541
382,173,179.712400380956,0.497742411456744,1.13155083602585,-0.0369877775052697
383,160,179.53871798212,0.497742411456744,1.13155083602585,-0.107370980782134
384,265,179.392088656962,0.497742411456744,1.13155083602585,0.469157300685537
385,349,179.259614696072,0.687396425377586,0.704273751710967,0.92721765507562
386,241,179.132835389505,0.687396425377586,0.704273751710967,0.336689073679393
387,140,179.00620400669,0.687396425377586,0.704273751710967,-0.211485636706694
388,110,178.876088013419,0.687396425377586,0.704273751710967,-0.372048941418787
389,271,178.740112706888,0.687396425377586,0.704273751710967,0.49651791151479
390,313,165.152308393603,0.687396425377586,0.704273751710967,0.792743867850953
391,197,154.264907575602,0.687396425377586,0.704273751710967,0.228299643569381
392,243,145.299012202903,0.687396425377586,0.704273751710967,0.52002909172842
393,125,137.713678771627,0.687396425377586,0.704273751710967,-0.0674238942056109
394,106,131.132725563285,0.687396425377586,0.704273751710967,-0.13280116100555
395,65,125.294071070678,0.687396425377586,0.704273751710967,-0.317440478832749
396,98,120.014667845569,0.687396425377586,0.704273751710967,-0.115486424789059
397,79,115.166230243257,0.474353426640995,1.18424456515161,-0.189147528483553
398,101,110.658432634237,0.474353426640995,1.18424456515161,-0.0503881020781841
399,150,106.427277959054,0.474353426640995,1.18424456515161,0.22675799808319
400,209,102.427044794851,0.474353426640995,1.18424456515161,0.55325348059635
401,124,98.6247112924992,0.474353426640995,1.18424456515161,0.13140745233264
402,75,105.965927334266,0.474353426640995,1.18424456515161,-0.159965958094473
403,159,110.874663306746,0.474353426640995,1.18424456515161,0.248001522932123
404,141,114.191374233702,0.474353426640995,1.18424456515161,0.137814463828317
405,185,116.465515573759,0.474353426640995,1.18424456515161,0.351456565520013
406,144,118.056331130848,0.474353426640995,1.18424456515161,0.132720722250926
407,119,119.198716424633,0.474353426640995,1.18424456515161,-0.00101411801786105
408,80,120.046267214137,0.474353426640995,1.18424456515161,-0.203876284737075
409,103,120.699420089064,0.297402574350047,1.58290232446203,-0.0899314026839805
410,203,121.223849892375,0.297402574350047,1.58290232446203,0.414880686470728
411,191,121.662498507777,0.297402574350047,1.58290232446203,0.351244846787128
412,269,122.043440296254,0.297402574350047,1.58290232446203,0.743321938991178
413,228,122.385025571977,0.297402574350047,1.58290232446203,0.533409390718057
414,203,131.044829404321,0.297402574350047,1.58290232446203,0.362865208722549
415,162,138.024983430796,0.297402574350047,1.58290232446203,0.120723378307373
416,120,143.990435906896,0.297402574350047,1.58290232446203,-0.120620387232792
417,139,149.359409174484,0.297402574350047,1.58290232446203,-0.0520078202882244
418,262,154.395270546151,0.297402574350047,1.58290232446203,0.539407622551705
419,212,159.264180431871,0.297402574350047,1.58290232446203,0.263963840628045
420,293,164.071271597248,0.297402574350047,1.58290232446203,0.644380545330375
421,168,168.883357308502,0.155843377277409,1.90182518685079,-0.00440998894657523
422,129,173.74318526938,0.155843377277409,1.90182518685079,-0.223197967402298
423,90,178.678385124341,0.155843377277409,1.90182518685079,-0.442021727835232
424,182,183.707084881399,0.155843377277409,1.90182518685079,-0.00850244292502582
425,298,188.841436030487,0.155843377277409,1.90182518685079,0.543262154583239
426,238,202.756817483028,0.155843377277409,1.90182518685079,0.175262921628183
427,319,215.285180017848,0.155843377277409,1.90182518685079,0.515370192799339
428,419,227.142042219467,0.155843377277409,1.90182518685079,0.952625291862533
429,240,238.769858109582,0.155843377277409,1.90182518685079,0.00610325576012519
430,183,250.444781462323,0.155843377277409,1.90182518685079,-0.334363640090973
431,243,262.341699993101,0.155843377277409,1.90182518685079,-0.0958142105861366
432,449,274.573852254092,0.155843377277409,1.90182518685079,0.863399358371402
433,284,287.21695819212,0.213518987010388,1.77188611594309,-0.0159092136885646
434,377,300.323911318561,0.213518987010388,1.77188611594309,0.378795579205486
435,268,313.93371659391,0.213518987010388,1.77188611594309,-0.226682854601799
436,326,328.076918577926,0.213518987010388,1.77188611594309,-0.0102388027280613
437,306,342.778887503294,0.213518987010388,1.77188611594309,-0.18112207789818
438,311,352.333656607501,0.213518987010388,1.77188611594309,-0.203338778262684
439,432,363.394885088435,0.213518987010388,1.77188611594309,0.33714516607791
440,479,375.547146627697,0.213518987010388,1.77188611594309,0.507864026207956
441,675,388.536169971867,0.213518987010388,1.77188611594309,1.40481710195841
442,590,402.207122231648,0.213518987010388,1.77188611594309,0.919971976846749
443,279,416.466452246333,0.213518987010388,1.77188611594309,-0.672725934925469
444,181,431.258288440781,0.213518987010388,1.77188611594309,-1.22342219679809
445,361,446.549827897249,0.676082500548761,0.729763224425402,-0.417314707493628
446,560,462.3222799719,0.676082500548761,0.729763224425402,0.474908714719058
447,618,478.565241397342,0.676082500548761,0.729763224425402,0.67571014833628
448,570,495.273191216391,0.676082500548761,0.729763224425402,0.360948513461791
449,444,512.443295115171,0.676082500548761,0.729763224425402,-0.329521527413441
450,343,459.426612277293,0.676082500548761,0.729763224425402,-0.558719468911119
451,252,418.731239319963,0.676082500548761,0.729763224425402,-0.797538681599763
452,348,386.722232436425,0.676082500548761,0.729763224425402,-0.18462603417669
453,293,360.874721603012,0.676082500548761,0.729763224425402,-0.322584059801325
454,300,339.43354509932,0.676082500548761,0.729763224425402,-0.186813147068091
455,281,321.177242149397,0.676082500548761,0.729763224425402,-0.189728671054578
456,284,305.254447396033,0.676082500548761,0.729763224425402,-0.100050281459121
457,307,291.070488536638,0.733674424046322,0.600012692689254,0.0747364265578146
458,188,278.208783392252,0.733674424046322,0.600012692689254,-0.421780353004505
459,373,266.376355013034,0.733674424046322,0.600012692689254,0.496825415227059
460,288,255.366061045591,0.733674424046322,0.600012692689254,0.151543603694924
461,223,245.030406588093,0.733674424046322,0.600012692689254,-0.1019561674546
462,260,228.286754037813,0.733674424046322,0.600012692689254,0.146271450479959
463,333,213.69450539848,0.733674424046322,0.600012692689254,0.548418597180374
464,149,200.75925211576,0.733674424046322,0.600012692689254,-0.237125093965694
465,137,189.125122434515,0.733674424046322,0.600012692689254,-0.238001291445361
466,81,178.53437692128,0.733674424046322,0.600012692689254,-0.443851319374004
467,175,168.798872596372,0.733674424046322,0.600012692689254,0.028125669705464
468,203,159.779904225751,0.733674424046322,0.600012692689254,0.195377779318999
469,172,151.373958862679,0.977186179927089,0.0513979236258426,0.0928814841031513
470,171,143.502644857205,0.977186179927089,0.0513979236258426,0.123281332340675
471,126,136.105568221312,0.977186179927089,0.0513979236258426,-0.0451095609966432
472,44,129.13529027754,0.977186179927089,0.0513979236258426,-0.378379163461707
473,117,122.553755279629,0.977186179927089,0.0513979236258426,-0.0245766254995778
474,91,99.6094729114844,0.977186179927089,0.0513979236258426,-0.0379348279462745
475,87,81.1763377458961,0.977186179927089,0.0513979236258426,0.025550054337762
476,103,66.3358664479645,0.977186179927089,0.0513979236258426,0.160169253029304
477,100,54.3609750653331,0.977186179927089,0.0513979236258426,0.198529053245883
478,40,44.6755026435,0.977186179927089,0.0513979236258426,-0.0202522769920043
479,56,36.8223724367221,0.977186179927089,0.0513979236258426,0.0827191475949603
480,72,30.4385373844151,0.977186179927089,0.0513979236258426,0.17851525183852
481,41,25.2352554682819,0.744042558944077,0.57665401781963,0.0674635240031693
482,62,20.982553477489,0.744042558944077,0.57665401781963,0.174972617138961
483,52,17.496983157277,0.744042558944077,0.57665401781963,0.146717626957336
484,61,14.6319662615994,0.744042558944077,0.57665401781963,0.196549529095411
485,30,12.2701760900964,0.744042558944077,0.57665401781963,0.0749186898851627
486,25,15.4413334863195,0.744042558944077,0.57665401781963,0.0402642653008097
487,64,17.3381506629706,0.744042558944077,0.57665401781963,0.195941035586651
488,46,18.3494468632706,0.744042558944077,0.57665401781963,0.115747734131467
489,55,18.7500615887314,0.744042558944077,0.57665401781963,0.151274380499818
490,45,18.7340401447754,0.744042558944077,0.57665401781963,0.109271022935516
491,40,18.438166746671,0.744042558944077,0.57665401781963,0.0894242279457146
492,27,17.9586531460505,0.744042558944077,0.57665401781963,0.0373821749476187
493,19,17.3629734415175,0.639145860004439,0.812978864051948,0.00674911904368241
494,26,16.6982565444186,0.639145860004439,0.812978864051948,0.0382483611556612
495,32,15.997237211299,0.639145860004439,0.812978864051948,0.0656301735085702
496,25,15.2824754760977,0.639145860004439,0.812978864051948,0.0397491022830897
497,22,14.5693479180902,0.639145860004439,0.812978864051948,0.0303154954097519
498,43,14.7749741521477,0.639145860004439,0.812978864051948,0.114852672961403
499,7,14.7680732962184,0.639145860004439,0.812978864051948,-0.0315276809631856
500,10,14.6195113246723,0.639145860004439,0.812978864051948,-0.018700345251794
501,37,14.3779233349598,0.639145860004439,0.812978864051948,0.091340596182651
502,17,14.076647222797,0.639145860004439,0.812978864051948,0.0117731662060635
503,11,13.7384958697278,0.639145860004439,0.812978864051948,-0.0110003800925953
504,9,13.3790416867068,0.639145860004439,0.812978864051948,-0.0175453120505713
505,10,13.0088772602514,0.55918565570195,0.993123550943995,-0.0120266632108596
506,14,12.635171268971,0.55918565570195,0.993123550943995,0.00544313650252407
507,5,12.2627393402844,0.55918565570195,0.993123550943995,-0.0289004149987023
508,10,11.894781040372,0.55918565570195,0.993123550943995,-0.00752310900192105
509,10,11.5333870615892,0.55918565570195,0.993123550943995,-0.00607472974407062
510,7,11.612685149969,0.55918565570195,0.993123550943995,-0.0182334123398418
511,6,11.6003716675278,0.55918565570195,0.993123550943995,-0.022088798217388
512,7,11.5274073409787,0.55918565570195,0.993123550943995,-0.0178175512950528
513,6,11.4146478158398,0.55918565570195,0.993123550943995,-0.0212624827087885
514,5,11.2761361537617,0.55918565570195,0.993123550943995,-0.0245914151822183
515,13,11.1213225970453,0.55918565570195,0.993123550943995,0.00734501806730029
516,4,10.9565611247025,0.55918565570195,0.993123550943995,-0.0271385618338702
517,9,10.7861184330503,0.48272869273183,1.1653756828028,-0.00695377672636813
518,9,10.6128541967974,0.48272869273183,1.1653756828028,-0.00626743966477551
519,6,10.4386797077571,0.48272869273183,1.1653756828028,-0.0172161069789769
520,6,10.2648670946143,0.48272869273183,1.1653756828028,-0.0165110335921482
521,4,10.0922578028483,0.48272869273183,1.1653756828028,-0.0235416101236451
522,7,10.2418592612757,0.48272869273183,1.1653756828028,-0.0125038193118
523,6,10.323904682159,0.48272869273183,1.1653756828028,-0.0166462645224316
524,6,10.3613066281973,0.48272869273183,1.1653756828028,-0.0167591099075893
525,1,10.3692293989549,0.48272869273183,1.1653756828028,-0.0359362985094913
526,5,10.3577092542449,0.48272869273183,1.1653756828028,-0.0205118693983144
527,3,10.3333885315648,0.48272869273183,1.1653756828028,-0.0280239216270244
528,4,10.3006633312696,0.48272869273183,1.1653756828028,-0.0240331159080866
529,8,10.2624430914495,0.437417949762558,1.2674575831212,-0.00861469682394248
530,8,10.2206533026637,0.437417949762558,1.2674575831212,-0.00844151418332817
531,7,10.1765682254108,0.437417949762558,1.2674575831212,-0.0120552506093015
532,7,10.1310310977793,0.437417949762558,1.2674575831212,-0.0118627422628312
533,3,10.0845998798581,0.437417949762558,1.2674575831212,-0.0267974760770118
534,6,10.2102040770151,0.437417949762558,1.2674575831212,-0.0158987782346805
535,3,10.3001602592917,0.437417949762558,1.2674575831212,-0.0275217612452851
536,7,10.3667710865939,0.437417949762558,1.2674575831212,-0.0126719025160759
537,6,10.4180940296752,0.437417949762558,1.2674575831212,-0.0166015551283109
538,5,10.4594062309143,0.437417949762558,1.2674575831212,-0.0204807560399329
539,3,10.4941638821566,0.437417949762558,1.2674575831212,-0.0280680140274727
540,3,10.5246305525703,0.437417949762558,1.2674575831212,-0.0281360269756201
541,4,10.5522887039191,0.395000133350446,1.363021924444,-0.0244621854560784
542,2,10.578109208972,0.395000133350446,1.363021924444,-0.0319781860127128
543,4,10.6027278713835,0.395000133350446,1.363021924444,-0.0245780043857049
544,2,10.6265610373035,0.395000133350446,1.363021924444,-0.0320643782460519
545,2,10.6498813155984,0.395000133350446,1.363021924444,-0.0321039235651769
546,7,10.8351971850229,0.395000133350446,1.363021924444,-0.0142134477110605
547,3,10.9881515109495,0.395000133350446,1.363021924444,-0.0295612460662136
548,2,11.120366367682,0.395000133350446,1.363021924444,-0.0337018980195349
549,1,11.2393830839839,0.395000133350446,1.363021924444,-0.037781780897369
550,5,11.3500957019186,0.395000133350446,1.363021924444,-0.0233967958052081
551,4,11.4556808887956,0.395000133350446,1.363021924444,-0.0274303801310636
552,0,11.5582011933459,0.395000133350446,1.363021924444,-0.0424623555249898
553,1,11.6589963952366,0.356877185664822,1.44891023018479,-0.0391048612658744
554,3,11.7589373863724,0.356877185664822,1.44891023018479,-0.0320920613556323
555,4,11.8585908730904,0.356877185664822,1.44891023018479,-0.028755662123072
556,4,11.9583262252206,0.356877185664822,1.44891023018479,-0.0290826295414767
557,2,12.0583847938517,0.356877185664822,1.44891023018479,-0.0367091356949427
558,5,12.3172275920717,0.356877185664822,1.44891023018479,-0.0266702565380932
559,4,12.5462905756713,0.356877185664822,1.44891023018479,-0.0311095504884591
560,1,12.7570263809311,0.356877185664822,1.44891023018479,-0.0427414998450263
561,4,12.9568133614039,0.356877185664822,1.44891023018479,-0.0325194135605311
562,3,13.1504088396398,0.356877185664822,1.44891023018479,-0.0368052998295703
563,2,13.3408840257424,0.356877185664822,1.44891023018479,-0.0410688087386569
564,1,13.5302254825921,0.356877185664822,1.44891023018479,-0.0453172116011533
565,4,13.7197220723157,0.320962236784214,1.52982407072934,-0.0351096201303861
566,0,13.9102138963686,0.320962236784214,1.52982407072934,-0.0501883445499006
567,2,14.1022524512329,0.320962236784214,1.52982407072934,-0.0436146741259373
568,0,14.2962036655456,0.320962236784214,1.52982407072934,-0.0514618142372121
569,4,14.4923141902715,0.320962236784214,1.52982407072934,-0.0377254279682738
570,0,14.8636994004845,0.320962236784214,1.52982407072934,-0.0533812700547227
571,1,15.2052864987917,0.320962236784214,1.52982407072934,-0.0509579165627769
572,6,15.5297534351737,0.320962236784214,1.52982407072934,-0.0341462946522568
573,2,15.8452272483068,0.320962236784214,1.52982407072934,-0.0495521879634757
574,2,16.1569301279576,0.320962236784214,1.52982407072934,-0.0506096386242208
575,8,16.4682302723225,0.320962236784214,1.52982407072934,-0.0302383980163514
576,1,16.7813127711739,0.320962236784214,1.52982407072934,-0.0562874780073445
577,0,17.0976079137939,0.287319144137059,1.60561957980626,-0.060916249431166
578,4,17.4180646355304,0.287319144137059,1.60561957980626,-0.0477576922972335
579,1,17.7433250990329,0.287319144137059,1.60561957980626,-0.0595321089972979
580,3,18.0738361581146,0.287319144137059,1.60561957980626,-0.0535414226932329
581,4,18.4099205259813,0.287319144137059,1.60561957980626,-0.0511310501522707
582,3,18.9511866269656,0.287319144137059,1.60561957980626,-0.0565423149126004
583,4,19.4622587122752,0.287319144137059,1.60561957980626,-0.054753443386541
584,3,19.957989412147,0.287319144137059,1.60561957980626,-0.0599889448013721
585,7,20.4478770990795,0.287319144137059,1.60561957980626,-0.0475236080065537
586,9,20.9380275220505,0.287319144137059,1.60561957980626,-0.0421451406611583
587,3,21.4323973549285,0.287319144137059,1.60561957980626,-0.0650064516784675
588,8,21.933582543912,0.287319144137059,1.60561957980626,-0.0490905143823106
589,3,22.4433180950741,0.25394388715882,1.68081167405782,-0.0684370489249477
590,2,22.9627949364064,0.25394388715882,1.68081167405782,-0.0737194460768001
591,7,23.4928608172912,0.25394388715882,1.68081167405782,-0.0579483670474876
592,4,24.0341476945207,0.25394388715882,1.68081167405782,-0.0703280792029418
593,6,24.5871525144991,0.25394388715882,1.68081167405782,-0.0651904185431467
594,4,25.4090402101717,0.25394388715882,1.68081167405782,-0.0750207620015902
595,11,26.1979160931727,0.25394388715882,1.68081167405782,-0.0532086237435705
596,3,26.9732814236103,0.25394388715882,1.68081167405782,-0.0838570384684869
597,4,27.7476019999286,0.25394388715882,1.68081167405782,-0.0829939041537164
598,1,28.5289183273283,0.25394388715882,1.68081167405782,-0.0961236644655384
599,6,29.322489060297,0.25394388715882,1.68081167405782,-0.081363786070312
600,4,30.1318258098063,0.25394388715882,1.68081167405782,-0.0910838598547174
601,7,30.959344756264,0.135485557287612,1.94768991593519,-0.0834549224406607
602,3,31.8067770007784,0.135485557287612,1.94768991593519,-0.100292114338865
603,9,32.6754270137497,0.135485557287612,1.94768991593519,-0.0823882217335708
604,1,33.566335440993,0.135485557287612,1.94768991593519,-0.113274326535322
605,2,34.4803816891404,0.135485557287612,1.94768991593519,-0.112922141578462
606,4,36.6622331507325,0.135485557287612,1.94768991593519,-0.113500908479493
607,3,38.6534031119577,0.135485557287612,1.94768991593519,-0.123836888133812
608,0,40.5542183631585,0.135485557287612,1.94768991593519,-0.140792898459655
609,0,42.4274448679357,0.135485557287612,1.94768991593519,-0.147226965881271
610,4,44.3127953636416,0.135485557287612,1.94768991593519,-0.139823208648882
611,0,46.2358498883226,0.135485557287612,1.94768991593519,-0.160291745011092
612,1,48.2135415821855,0.135485557287612,1.94768991593519,-0.163604388255633
613,7,50.2575308564732,0.17591734124134,1.85659996532329,-0.149815187083075
614,9,52.376281309471,0.17591734124134,1.85659996532329,-0.150134988052469
615,3,54.5763374404625,0.17591734124134,1.85659996532329,-0.178408580926933
616,6,56.8631115926345,0.17591734124134,1.85659996532329,-0.175834450794467
617,11,59.2413691370748,0.17591734124134,1.85659996532329,-0.16666969244649
618,6,61.0456937110053,0.17591734124134,1.85659996532329,-0.190062520100304
619,3,63.0565236546182,0.17591734124134,1.85659996532329,-0.207238103445455
620,7,65.2271934592762,0.17591734124134,1.85659996532329,-0.200803705440299
621,9,67.5298304774503,0.17591734124134,1.85659996532329,-0.20172500569705
622,14,69.948243882621,0.17591734124134,1.85659996532329,-0.192710640293888
623,16,72.4735163796424,0.17591734124134,1.85659996532329,-0.194402116890952
624,15,75.1012714753168,0.17591734124134,1.85659996532329,-0.206764941485267
625,8,77.8299795066703,0.100297015399836,2.02696721288381,-0.240120291366872
626,2,80.6599076394535,0.100297015399836,2.02696721288381,-0.270389998365891
627,39,83.5924690815047,0.100297015399836,2.02696721288381,-0.153231836422673
628,75,86.6298197651917,0.100297015399836,2.02696721288381,-0.0399494512327473
629,79,89.7746084133807,0.100297015399836,2.02696721288381,-0.0369989779848823
630,82,94.9761280022515,0.100297015399836,2.02696721288381,-0.0445434451236267
631,47,99.9711886445103,0.100297015399836,2.02696721288381,-0.181772802376458
632,16,104.919477067561,0.100297015399836,2.02696721288381,-0.305025844001138
633,12,109.92180419139,0.100297015399836,2.02696721288381,-0.335791538847226
634,91,115.04310663842,0.100297015399836,2.02696721288381,-0.0824198046182433
635,136,120.326502694637,0.100297015399836,2.02696721288381,0.0537103050326563
636,139,125.801882516863,0.100297015399836,2.02696721288381,0.0452120764989077
637,151,131.491158315107,0.193627523316484,1.81670017726549,0.0667967545219798
638,212,137.411473195108,0.193627523316484,1.81670017726549,0.255216107112553
639,188,143.577162124337,0.193627523316484,1.81670017726549,0.151898929584751
640,84,150.000949822058,0.193627523316484,1.81670017726549,-0.22553354891248
641,126,156.69468178091,0.193627523316484,1.81670017726549,-0.104818236301254
642,264,159.695271827762,0.193627523316484,1.81670017726549,0.355951348272837
643,308,163.61144192652,0.193627523316484,1.81670017726549,0.492416446559574
644,377,168.159717572963,0.193627523316484,1.81670017726549,0.711749802679395
645,353,173.164892837131,0.193627523316484,1.81670017726549,0.6124929072047
646,247,178.519220884651,0.193627523316484,1.81670017726549,0.233082125407306
647,207,184.156987811199,0.193627523316484,1.81670017726549,0.0776975864136465
648,354,190.038669260232,0.193627523316484,1.81670017726549,0.557326455949954
649,414,196.14105638325,0.788484742858289,0.47652891964282,0.739297628745617
650,382,202.451100266971,0.788484742858289,0.47652891964282,0.607667736580962
651,330,208.962072718984,0.788484742858289,0.47652891964282,0.40855216083371
652,236,215.671169986207,0.788484742858289,0.47652891964282,0.0684359180971497
653,181,222.578015286121,0.788484742858289,0.47652891964282,-0.139599610862351
654,151,191.602922039215,0.788484742858289,0.47652891964282,-0.135965750969732
655,150,167.260175091415,0.788484742858289,0.47652891964282,-0.057646407126673
656,194,147.82941836024,0.788484742858289,0.47652891964282,0.15379783295698
657,160,132.061778781108,0.788484742858289,0.47652891964282,0.0928206149392792
658,126,119.048905893445,0.788484742858289,0.47652891964282,0.0230336443536749
659,110,108.128493758162,0.788484742858289,0.47652891964282,0.00618539633471467
660,64,98.8161212140245,0.788484742858289,0.47652891964282,-0.114769463583939
661,72,90.7560746492898,0.726493664211107,0.616190436898965,-0.0616743849804257
662,103,83.6858608734462,0.726493664211107,0.616190436898965,0.0633580772684688
663,83,77.4105929133371,0.726493664211107,0.616190436898965,0.0182918908216827
664,83,71.7844960361469,0.726493664211107,0.616190436898965,0.0366167953675404
665,96,66.6975491155031,0.726493664211107,0.616190436898965,0.0954413580229325
666,85,64.6179172065402,0.726493664211107,0.616190436898965,0.066230003869798
667,58,62.2606194871175,0.726493664211107,0.616190436898965,-0.0138119483034425
668,38,59.7517489729759,0.726493664211107,0.616190436898965,-0.0703484870929207
669,93,57.1782631169508,0.726493664211107,0.616190436898965,0.115581413439311
670,81,54.5995424209531,0.726493664211107,0.616190436898965,0.0849837682730548
671,52,52.0555622174363,0.726493664211107,0.616190436898965,-0.000178438943592815
672,46,49.5726689888756,0.726493664211107,0.616190436898965,-0.0114469757247835
673,34,47.1676623414853,0.669454635523775,0.744695335718813,-0.0420955820033247
674,12,44.8506785255393,0.669454635523775,0.744695335718813,-0.104795759339064
675,9,42.6272262695398,0.669454635523775,0.744695335718813,-0.107044391839868
676,31,40.4996230575419,0.669454635523775,0.744695335718813,-0.030175517481494
677,22,38.4680073825762,0.669454635523775,0.744695335718813,-0.0521995610784093
678,18,37.7315844196962,0.669454635523775,0.744695335718813,-0.0624118646985037
679,15,36.7857155091153,0.669454635523775,0.744695335718813,-0.068763563365851
680,10,35.7110362309623,0.669454635523775,0.744695335718813,-0.0809821705469157
681,7,34.5630405106882,0.669454635523775,0.744695335718813,-0.0866327645567165
682,8,33.379737932994,0.669454635523775,0.744695335718813,-0.0796029795559623
683,12,32.1869854259268,0.669454635523775,0.744695335718813,-0.0631833596657188
684,9,31.0021995148412,0.669454635523775,0.744695335718813,-0.0687208157157465
685,7,29.836940858861,0.620365718582874,0.855289194868235,-0.0711846281202486
686,12,28.6987134603441,0.620365718582874,0.855289194868235,-0.0519508081784818
687,5,27.5922169733633,0.620365718582874,0.855289194868235,-0.0701504991805236
688,10,26.5202181476713,0.620365718582874,0.855289194868235,-0.0511978736982311
689,3,25.4841570375967,0.620365718582874,0.855289194868235,-0.0695470308255147
690,4,25.0930453929246,0.620365718582874,0.855289194868235,-0.0651191475193912
691,3,24.5922872403571,0.620365718582874,0.855289194868235,-0.0665329985646573
692,3,24.0231947857361,0.620365718582874,0.855289194868235,-0.0646558429188161
693,1,23.4139620406473,0.620365718582874,0.855289194868235,-0.0688018145851323
694,2,22.7837693341558,0.620365718582874,0.855289194868235,-0.0636765236709492
695,2,22.1456052503189,0.620365718582874,0.855289194868235,-0.0616042524676061
696,4,21.5082067608993,0.620365718582874,0.855289194868235,-0.0534378457800315
697,3,20.877393078055,0.582427037279937,0.940762361476965,-0.0544646883477502
698,2,20.2569826540548,0.582427037279937,0.940762361476965,-0.0555226141746121
699,2,19.6494235655001,0.582427037279937,0.940762361476965,-0.0535800186591361
700,0,19.0562268269385,0.582427037279937,0.940762361476965,-0.0577486768275178
701,3,18.4782642018657,0.582427037279937,0.940762361476965,-0.0468232464894076
702,3,18.229104740929,0.582427037279937,0.940762361476965,-0.0459884879868993
703,2,17.9234517045385,0.582427037279937,0.940762361476965,-0.0480008365816134
704,3,17.5825701514924,0.582427037279937,0.940762361476965,-0.0438817398766252
705,4,17.2208675487714,0.582427037279937,0.940762361476965,-0.0397145115518551
706,4,16.8480823716689,0.582427037279937,0.940762361476965,-0.038527286256568
707,3,16.470774693795,0.582427037279937,0.940762361476965,-0.040324114641731
708,1,16.0933413866942,0.582427037279937,0.940762361476965,-0.0451025549877391
709,4,15.7187075422704,0.549944354949734,1.01394354815392,-0.0349591853321475
710,0,15.3487973750449,0.549944354949734,1.01394354815392,-0.0457134527223112
711,1,14.9848549293191,0.549944354949734,1.01394354815392,-0.041583102302462
712,0,14.6276624881684,0.549944354949734,1.01394354815392,-0.0434234437475979
713,1,14.2776893063287,0.549944354949734,1.01394354815392,-0.0393516912199733
714,0,14.1306804630225,0.549944354949734,1.01394354815392,-0.0418115913694545
715,1,13.9474159770395,0.549944354949734,1.01394354815392,-0.0382481641552559
716,0,13.741205031466,0.549944354949734,1.01394354815392,-0.0405272682545438
717,1,13.5210134995084,0.549944354949734,1.01394354815392,-0.0368687281092587
718,1,13.292872679263,0.549944354949734,1.01394354815392,-0.0361384361301671
719,3,13.060831243053,0.549944354949734,1.01394354815392,-0.0295289680651145
720,3,12.8275985194939,0.549944354949734,1.01394354815392,-0.0287979370499939
721,2,12.5949791948144,0.528478541493101,1.06230450818098,-0.0309976243622186
722,0,12.3641670649967,0.528478541493101,1.06230450818098,-0.0361178753969948
723,1,12.1359435400695,0.528478541493101,1.06230450818098,-0.0324798798554074
724,0,11.910811783115,0.528478541493101,1.06230450818098,-0.0346864497101558
725,1,11.6890873530196,0.528478541493101,1.06230450818098,-0.0310807319755005
726,0,11.5720599760617,0.528478541493101,1.06230450818098,-0.0335965310080591
727,1,11.4366040520647,0.528478541493101,1.06230450818098,-0.0302536055144509
728,1,11.2896133670083,0.528478541493101,1.06230450818098,-0.0297818847989821
729,1,11.1357104998456,0.528478541493101,1.06230450818098,-0.0292916291614662
730,0,10.9779911500468,0.528478541493101,1.06230450818098,-0.0316773924980003
731,0,10.818524578586,0.528478541493101,1.06230450818098,-0.0311697138402862
732,0,10.6586900763391,0.528478541493101,1.06230450818098,-0.0306625203881798
733,0,10.4994031875875,0.513109659231529,1.096929513295,-0.0301591054319872
734,1,10.3412678111557,0.513109659231529,1.096929513295,-0.0267929192977622
735,1,10.1846784655246,0.513109659231529,1.096929513295,-0.0263050711631155
736,0,10.029889046555,0.513109659231529,1.096929513295,-0.0286836161195122
737,0,9.87705905626671,0.513109659231529,1.096929513295,-0.0282051625858081
738,1,9.78575734949901,0.513109659231529,1.096929513295,-0.0250521081641068
739,2,9.68375389605463,0.513109659231529,1.096929513295,-0.0218777958920491
740,0,9.57509766708444,0.513109659231529,1.096929513295,-0.027223208270205
741,1,9.4624950372367,0.513109659231529,1.096929513295,-0.0240248905454877
742,1,9.34775296330792,0.513109659231529,1.096929513295,-0.0236646670356854
743,0,9.23207589289036,0.513109659231529,1.096929513295,-0.0261335804021562
744,0,9.11626468013484,0.513109659231529,1.096929513295,-0.0257683213623425
745,0,9.00084985119257,0.50046005383216,1.12542817989866,-0.0254056926615829
746,1,8.8861808869441,0.50046005383216,1.12542817989866,-0.022228042017367
747,3,8.77248603913734,0.50046005383216,1.12542817989866,-0.0162474489771713
748,4,8.65991240501528,0.50046005383216,1.12542817989866,-0.0130975094729649
749,0,8.54855277579548,0.50046005383216,1.12542817989866,-0.0239934722596052
750,3,8.48002242658685,0.50046005383216,1.12542817989866,-0.015359364063027
751,0,8.40394329482573,0.50046005383216,1.12542817989866,-0.0235215133528065
752,1,8.32314561086874,0.50046005383216,1.12542817989866,-0.0204678354574599
753,0,8.2395167423455,0.50046005383216,1.12542817989866,-0.0229968810052704
754,1,8.15431423213118,0.50046005383216,1.12542817989866,-0.0199401768705379
755,2,8.06837491291543,0.50046005383216,1.12542817989866,-0.0168899374627185
756,1,7.9822545999037,0.50046005383216,1.12542817989866,-0.0194064815222711
757,1,7.89632140874903,0.490014343305582,1.14896162717522,-0.0191412915030405
758,0,7.81081809432327,0.490014343305582,1.14896162717522,-0.0216501044334751
759,1,7.72590369475448,0.490014343305582,1.14896162717522,-0.0186176407731674
760,2,7.64168135087364,0.490014343305582,1.14896162717522,-0.0155953053930373
761,2,7.5582168904484,0.490014343305582,1.14896162717522,-0.015343800600522
762,1,7.5054321120691,0.490014343305582,1.14896162717522,-0.0179343865409659
763,8,7.44716481992672,0.490014343305582,1.14896162717522,0.00152201790544292
764,2,7.38545381051846,0.490014343305582,1.14896162717522,-0.0148067893706213
765,2,7.32165603806681,0.490014343305582,1.14896162717522,-0.0146116979330814
766,3,7.2566740601757,0.490014343305582,1.14896162717522,-0.0116718677853728
767,3,7.19110761629129,0.490014343305582,1.14896162717522,-0.0114766632006274
768,4,7.12535464582695,0.490014343305582,1.14896162717522,-0.00854680457159733
769,7,7.05967861108773,0.433796640459567,1.27561613694453,-0.000162995246480068
770,8,6.99425336440996,0.433796640459567,1.27561613694453,0.00274366179542064
771,9,6.92919304982809,0.433796640459567,1.27561613694453,0.0056424531940088
772,2,6.86457203108016,0.433796640459567,1.27561613694453,-0.0132391456559895
773,8,6.80043817268898,0.433796640459567,1.27561613694453,0.00326081030442383
774,9,6.87973674983279,0.433796640459567,1.27561613694453,0.00575679631032333
775,13,6.92964009654943,0.433796640459567,1.27561613694453,0.0164624436039838
776,7,6.96019580857692,0.433796640459567,1.27561613694453,0.000107819682610249
777,8,6.9780156750563,0.433796640459567,1.27561613694453,0.00276505300227619
778,11,6.98745059079129,0.433796640459567,1.27561613694453,0.0108435178879086
779,9,6.9913636867487,0.433796640459567,1.27561613694453,0.00542178503972124
780,4,6.99163907796703,0.433796640459567,1.27561613694453,-0.00806569798359669
781,5,6.98951663983907,0.4645723893359,1.20628055065435,-0.00535740780077898
782,30,6.98581230521343,0.4645723893359,1.20628055065435,0.0618956052014536
783,27,6.98106302995269,0.4645723893359,1.20628055065435,0.0537728291149218
784,17,6.97562218730661,0.4645723893359,1.20628055065435,0.0268929031696652
785,31,6.9697223423042,0.4645723893359,1.20628055065435,0.064386988450849
786,28,6.88808659968806,0.4645723893359,1.20628055065435,0.0564971648211148
787,23,6.82141250771523,0.4645723893359,1.20628055065435,0.043241431885568
788,46,6.76471719129863,0.4645723893359,1.20628055065435,0.104736324194307
789,54,6.71469851459006,0.4645723893359,1.20628055065435,0.126069040272552
790,45,6.66916806381388,0.4645723893359,1.20628055065435,0.102068783722941
791,45,6.6266754226894,0.4645723893359,1.20628055065435,0.102055683595653
792,32,6.58625920395438,0.4645723893359,1.20628055065435,0.0675056467847942
793,20,6.5472820734362,0.551608791454503,1.01019369038882,0.0356858301267147
794,31,6.50932143037707,0.551608791454503,1.01019369038882,0.0648711462010394
795,37,6.47209696756702,0.551608791454503,1.01019369038882,0.0807446282160872
796,51,6.43542266943157,0.551608791454503,1.01019369038882,0.117699141329962
797,59,6.39917500369078,0.551608791454503,1.01019369038882,0.138721513062619
798,72,6.16106458019407,0.551608791454503,1.01019369038882,0.173381493304907
799,49,5.96481028727594,0.551608791454503,1.01019369038882,0.113165293782878
800,24,5.79753794364495,0.551608791454503,1.01019369038882,0.0477958484916264
801,35,5.65052771703743,0.551608791454503,1.01019369038882,0.0769540989227586
802,36,5.5178696620351,0.551608791454503,1.01019369038882,0.0798084918007324
803,48,5.39555444016991,0.551608791454503,1.01019369038882,0.11138634138316
804,31,5.28085835802971,0.551608791454503,1.01019369038882,0.0671440646379873
805,34,5.17192745558433,0.567258054058747,0.974937008186401,0.0751506848694276
806,33,5.0674962143847,0.567258054058747,0.974937008186401,0.0727085459263173
807,23,4.96669731088328,0.567258054058747,0.974937008186401,0.0468716313237568
808,38,4.86893294489284,0.567258054058747,0.974937008186401,0.0859865189891417
809,24,4.77378781234042,0.567258054058747,0.974937008186401,0.0498252818568543
810,22,4.65088775006283,0.567258054058747,0.974937008186401,0.04489472519082
811,27,4.53669835630982,0.567258054058747,0.974937008186401,0.0580436363834342
812,19,4.42909198748296,0.567258054058747,0.974937008186401,0.0375951252969468
813,19,4.32660963811033,0.567258054058747,0.974937008186401,0.0378042144547925
814,10,4.22824656729689,0.567258054058747,0.974937008186401,0.0148485235091824
815,6,4.13330674987853,0.567258054058747,0.974937008186401,0.00479529287686301
816,12,4.0413040538709,0.567258054058747,0.974937008186401,0.0204151086107065
817,21,3.95189514133256,0.560474263915339,0.990220407747294,0.0436674853824384
818,15,3.86483390697999,0.560474263915339,0.990220407747294,0.0284810333771819
819,7,3.779940539351,0.560474263915339,0.990220407747294,0.00822433505576084
820,4,3.69708050966551,0.560474263915339,0.990220407747294,0.000772578950613283
821,10,3.61615030095939,0.560474263915339,0.990220407747294,0.0162584052739338
822,7,3.54716555890033,0.560474263915339,0.990220407747294,0.00878115350315376
823,5,3.47772121487232,0.560474263915339,0.990220407747294,0.00386590710482266
824,14,3.40843389497478,0.560474263915339,0.990220407747294,0.0268596089155348
825,6,3.339711921083,0.560474263915339,0.990220407747294,0.00673676401054758
826,14,3.2718226199039,0.560474263915339,0.990220407747294,0.0271289289683414
827,7,3.20493794194921,0.560474263915339,0.990220407747294,0.00958319872862592
828,5,3.13916537884497,0.560474263915339,0.990220407747294,0.00469229350021533
829,4,3.07456891576779,0.54992831358505,1.01397968821439,0.00233031101305973
830,8,3.01118322963926,0.54992831358505,1.01397968821439,0.0125448761672871
831,7,2.94902330927299,0.54992831358505,1.01397968821439,0.0101725169103496
832,3,2.88809097252162,0.54992831358505,1.01397968821439,0.000280630246017818
833,7,2.82837928022781,0.54992831358505,1.01397968821439,0.0104466170887697
834,6,2.78204457721156,0.54992831358505,1.01397968821439,0.0080473559766446
835,4,2.73421524801978,0.54992831358505,1.01397968821439,0.00316108518246983
836,2,2.6856878818053,0.54992831358505,1.01397968821439,-0.00171004202209047
837,6,2.63699515814841,0.54992831358505,1.01397968821439,0.00837553556713298
838,5,2.58849143846732,0.54992831358505,1.01397968821439,0.00599762769840299
839,4,2.54041063187055,0.54992831358505,1.01397968821439,0.00362516517899762
840,3,2.49290531601833,0.54992831358505,1.01397968821439,0.00125774728827645
841,7,2.44607318465688,0.532267392515941,1.05376849470848,0.0112799690842412
842,2,2.39997492682039,0.532267392515941,1.05376849470848,-0.000989423969694178
843,1,2.35464631305433,0.532267392515941,1.05376849470848,-0.00334660248532415
844,6,2.31010636505789,0.532267392515941,1.05376849470848,0.00910377170542477
845,2,2.26636287736683,0.532267392515941,1.05376849470848,-0.000656313381095727
846,5,2.23951743356659,0.532267392515941,1.05376849470848,0.00679287099719486
847,2,2.20993769758713,0.532267392515941,1.05376849470848,-0.000515929463805139
848,1,2.17870215179941,0.532267392515941,1.05376849470848,-0.00289291892141352
849,1,2.14653392312432,0.532267392515941,1.05376849470848,-0.0028102963609919
850,2,2.11391694269433,0.532267392515941,1.05376849470848,-0.000278860690573909
851,2,2.08117414929225,0.532267392515941,1.05376849470848,-0.000198450056320943
852,4,2.04852013895925,0.532267392515941,1.05376849470848,0.00476466962484875
853,1,2.01609661059279,0.501566629523464,1.12293514310403,-0.00247774124035001
854,3,1.98399622900197,0.501566629523464,1.12293514310403,0.00247448839150238
855,2,1.95227869004648,0.501566629523464,1.12293514310403,0.000116083971970884
856,1,1.92098153584454,0.501566629523464,1.12293514310403,-0.00223759392965213
857,1,1.89012743547425,0.501566629523464,1.12293514310403,-0.00215999940953227
858,1,1.88254643554618,0.501566629523464,1.12293514310403,-0.00213899981779197
859,9,1.87049480908257,0.501566629523464,1.12293514310403,0.0172585756532657
860,3,1.85553338812071,0.501566629523464,1.12293514310403,0.00276707994880654
861,3,1.83870457778179,0.501566629523464,1.12293514310403,0.00280436767002997
862,2,1.82070427111454,0.501566629523464,1.12293514310403,0.000432450572627431
863,5,1.80199675826311,0.501566629523464,1.12293514310403,0.00770407252321093
864,2,1.78289153268774,0.501566629523464,1.12293514310403,0.000522388717609261
865,2,1.76359462909957,0.478278122182691,1.1754025035827,0.000568149614712298
866,4,1.74424293818537,0.478278122182691,1.1754025035827,0.0054150041620384
867,2,1.72492714286489,0.478278122182691,1.1754025035827,0.000659562372802643
868,6,1.7057070490691,0.478278122182691,1.1754025035827,0.0102849464959052
869,1,1.68662183293553,0.478278122182691,1.1754025035827,-0.00164259608241319
870,2,1.68257359729107,0.478278122182691,1.1754025035827,0.000758507003392535
871,0,1.67555777350592,0.478278122182691,1.1754025035827,-0.00399926235920413
872,1,1.66660199255514,0.478278122182691,1.1754025035827,-0.00158924774214371
873,0,1.65638921452328,0.478278122182691,1.1754025035827,-0.00394450454871504
874,3,1.64537325171556,0.478278122182691,1.1754025035827,0.00322222118875049
875,0,1.63385557238574,0.478278122182691,1.1754025035827,-0.00388200028622836
876,0,1.6220363625445,0.478278122182691,1.1754025035827,-0.00384954360440039
877,1,1.61004847367149,0.428606327694764,1.28730954463456,-0.00144625838506556
878,5,1.5979799923853,0.428606327694764,1.28730954463456,0.0080570738091906
879,3,1.58588924559,0.428606327694764,1.28730954463456,0.00334567140910861
880,0,1.5738147764544,0.428606327694764,1.28730954463456,-0.0037197461782277
881,2,1.56178197681675,0.428606327694764,1.28730954463456,0.00103468986839371
882,2,1.57840608413023,0.428606327694764,1.28730954463456,0.000994431823870186
883,1,1.58915799494193,0.428606327694764,1.28730954463456,-0.00138826897102106
884,0,1.59604892107621,0.428606327694764,1.28730954463456,-0.00375707310343818
885,0,1.60040114322268,0.428606327694764,1.28730954463456,-0.00376352102540053
886,3,1.60308400209699,0.428606327694764,1.28730954463456,0.00328169543625669
887,0,1.6046690512495,0.428606327694764,1.28730954463456,-0.00376596593513959
888,1,1.60553206268301,0.428606327694764,1.28730954463456,-0.00141968313309661
889,0,1.60592009078786,0.368463068948213,1.42280805430042,-0.00376159995396138
890,1,1.60599556379768,0.368463068948213,1.42280805430042,-0.00141821951825123
891,0,1.60586527192489,0.368463068948213,1.42280805430042,-0.00375498996200204
892,0,1.60559942576589,0.368463068948213,1.42280805430042,-0.00375113644524456
893,1,1.60524418636386,0.368463068948213,1.42280805430042,-0.00141280619054222
894,0,1.63857897651634,0.368463068948213,1.42280805430042,-0.00382160650520374
895,0,1.66511175653127,0.368463068948213,1.42280805430042,-0.00388015364927359
896,3,1.68727037057365,0.368463068948213,1.42280805430042,0.0030563852237686
897,0,1.70663061312753,0.368463068948213,1.42280805430042,-0.00397008607048553
898,2,1.72421536953432,0.368463068948213,1.42280805430042,0.00064100048168239
899,1,1.7406887336642,0.368463068948213,1.42280805430042,-0.00172009431334522
900,2,1.75648197453719,0.368463068948213,1.42280805430042,0.000565036076376674
901,0,1.77187527854605,0.289372026585068,1.60099458079521,-0.00410815565474406
902,1,1.78705079366116,0.289372026585068,1.60099458079521,-0.00182358169365096
903,0,1.80212705094598,0.289372026585068,1.60099458079521,-0.00417269637653173
904,0,1.81718130144134,0.289372026585068,1.60099458079521,-0.00420473615917865
905,0,1.8322640110855,0.289372026585068,1.60099458079521,-0.00423679887161763
906,1,1.89519788543257,0.289372026585068,1.60099458079521,-0.00206860868891148
907,0,1.94904648680955,0.289372026585068,1.60099458079521,-0.0045008152795592
908,1,1.99735324651007,0.289372026585068,1.60099458079521,-0.00230158959674571
909,2,2.04238467049929,0.289372026585068,1.60099458079521,-9.77457253399235e-05
910,1,2.08559231981279,0.289372026585068,1.60099458079521,-0.00250187726316265
911,4,2.12790768343565,0.289372026585068,1.60099458079521,0.00431158515349067
912,0,2.16993039070326,0.289372026585068,1.60099458079521,-0.00499420276777994
913,0,2.21204834490527,0.204635502721922,1.79189997795878,-0.00508824671034751
914,2,2.25451440378166,0.204635502721922,1.79189997795878,-0.000585169298611537
915,3,2.2974953248835,0.204635502721922,1.79189997795878,0.00161441098020049
916,2,2.34110300821107,0.204635502721922,1.79189997795878,-0.000783513071737717
917,0,2.38541443959293,0.204635502721922,1.79189997795878,-0.00547671888690127
918,1,2.49274684454744,0.204635502721922,1.79189997795878,-0.00342561674230169
919,0,2.58959538143806,0.204635502721922,1.79189997795878,-0.00593992037296277
920,0,2.68073732583006,0.204635502721922,1.79189997795878,-0.0061460935864046
921,1,2.76919614093067,0.204635502721922,1.79189997795878,-0.00405431214966961
922,1,2.8568955169964,0.204635502721922,1.79189997795878,-0.00425329058333987
923,1,2.94506980402172,0.204635502721922,1.79189997795878,-0.00445316986404774
924,0,3.0345215818904,0.204635502721922,1.79189997795878,-0.00694417854031019
925,0,3.12578330969799,0.247080799425445,1.69627372548236,-0.00714932611192547
926,2,3.21921878512841,0.247080799425445,1.69627372548236,-0.00278703564616175
927,1,3.3150868350547,0.247080799425445,1.69627372548236,-0.00528911414939283
928,5,3.41358130671074,0.247080799425445,1.69627372548236,0.00362233313496831
929,0,3.51485618801167,0.247080799425445,1.69627372548236,-0.00802108620141513
930,1,3.57596681299384,0.247080799425445,1.69627372548236,-0.00587517866849003
931,1,3.64744575385515,0.247080799425445,1.69627372548236,-0.00603480462312212
932,3,3.72627984602592,0.247080799425445,1.69627372548236,-0.00165460984545268
933,1,3.81058128183089,0.247080799425445,1.69627372548236,-0.00639946054329732
934,1,3.89917488199866,0.247080799425445,1.69627372548236,-0.00659746920458564
935,2,3.99133691352497,0.247080799425445,1.69627372548236,-0.0045290131561374
936,3,4.08662981264013,0.247080799425445,1.69627372548236,-0.00246999725533669
937,7,4.18479760083128,0.410982498363112,1.32701478606665,0.0063943997699673
938,10,4.28569971029335,0.410982498363112,1.32701478606665,0.0129672533326524
939,2,4.38926911680655,0.410982498363112,1.32701478606665,-0.00541682942135021
940,0,4.49548585569838,0.410982498363112,1.32701478606665,-0.0101824493028947
941,1,4.60436027318313,0.410982498363112,1.32701478606665,-0.00815642265631649
942,2,4.49117359122616,0.410982498363112,1.32701478606665,-0.00563211873730294
943,2,4.4202201029425,0.410982498363112,1.32701478606665,-0.00546662562080356
944,2,4.37693223584823,0.410982498363112,1.32701478606665,-0.00536387070853026
945,0,4.35176878089609,0.410982498363112,1.32701478606665,-0.00981125849744703
946,1,4.33848059484284,0.410982498363112,1.32701478606665,-0.00751978702213487
947,6,4.33297470720616,0.410982498363112,1.32701478606665,0.00375143152825674
948,1,4.3325703573853,0.410982498363112,1.32701478606665,-0.00749260234566266
949,7,4.33551172937529,0.443617229339822,1.25349104453936,0.00598480693331501
950,4,4.34064881246378,0.443617229339822,1.25349104453936,-0.000764382410587278
951,3,4.34722837736131,0.443617229339822,1.25349104453936,-0.003020041642453
952,1,4.3547570733957,0.443617229339822,1.25349104453936,-0.00751278775814916
953,9,4.36291176210759,0.443617229339822,1.25349104453936,0.0103741892083987
954,6,4.3226602731147,0.443617229339822,1.25349104453936,0.00374885831837438
955,1,4.29233928035226,0.443617229339822,1.25349104453936,-0.0073510976921164
956,5,4.26857730516659,0.443617229339822,1.25349104453936,0.00163149626972166
957,3,4.2491501014097,0.443617229339822,1.25349104453936,-0.00278357385700938
958,6,4.23259027578512,0.443617229339822,1.25349104453936,0.00393456073791182
959,6,4.21792974739982,0.443617229339822,1.25349104453936,0.00396328360232942
960,4,4.20452984339386,0.443617229339822,1.25349104453936,-0.00045442137780231
961,6,4.19196920953619,0.59755978047837,0.906669360976532,0.00401241513759116
962,3,4.17996986237822,0.59755978047837,0.906669360976532,-0.00261514280885477
963,8,4.16834840412117,0.59755978047837,0.906669360976532,0.00848077860971233
964,6,4.15698383784245,0.59755978047837,0.906669360976532,0.004073848135833
965,6,4.14579633434463,0.59755978047837,0.906669360976532,0.00409317075921175
966,8,3.90837860621901,0.59755978047837,0.906669360976532,0.00902039093877409
967,6,3.71691185929981,0.59755978047837,0.906669360976532,0.00502667541710171
968,14,3.55767015718108,0.59755978047837,0.906669360976532,0.0229606706462295
969,2,3.42124097728909,0.59755978047837,0.906669360976532,-0.00312093432165425
970,3,3.30116360932673,0.59755978047837,0.906669360976532,-0.000660465134866912
971,11,3.19299753264131,0.59755978047837,0.906669360976532,0.0170986947977747
972,4,3.09368498532954,0.59755978047837,0.906669360976532,0.00198239321733861
973,4,3.00111481934368,0.586290954636347,0.93205722886232,0.00218204784998324
974,2,2.91382407559785,0.586290954636347,0.93205722886232,-0.00199367990790168
975,1,2.83079378734877,0.586290954636347,0.93205722886232,-0.00398912011397912
976,1,2.75130925490948,0.586290954636347,0.93205722886232,-0.00381106259295489
977,1,2.674864432051,0.586290954636347,0.93205722886232,-0.00364006518927316
978,1,2.61401080526076,0.586290954636347,0.93205722886232,-0.00350334499667015
979,2,2.55264111610003,0.586290954636347,0.93205722886232,-0.00119802900683266
980,3,2.49141827227324,0.586290954636347,0.93205722886232,0.00110111648824609
981,4,2.43078204766628,0.586290954636347,0.93205722886232,0.00339316402114653
982,3,2.37102028848514,0.586290954636347,0.93205722886232,0.00135833844544762
983,1,2.3123174881397,0.586290954636347,0.93205722886232,-0.00283048422514044
984,4,2.25478792148084,0.586290954636347,0.93205722886232,0.00375942299607334
985,1,2.19849824436979,0.356048150556202,1.4507779876695,-0.00257910970984715
986,2,2.14348290581691,0.356048150556202,1.4507779876695,-0.000308531811790282
987,5,2.08975465643599,0.356048150556202,1.4507779876695,0.00625312363327708
988,3,2.03731171136557,0.356048150556202,1.4507779876695,0.00206690721561682
989,5,1.98614263075148,0.356048150556202,1.4507779876695,0.00646585740452078
990,3,2.12952225874856,0.356048150556202,1.4507779876695,0.00186607667815996
991,4,2.23060656645282,0.356048150556202,1.4507779876695,0.0037902239079456
992,5,2.3043921538927,0.356048150556202,1.4507779876695,0.00576987043033307
993,2,2.36058744749108,0.356048150556202,1.4507779876695,-0.000771239205754708
994,5,2.40547773054945,0.356048150556202,1.4507779876695,0.00554504780367532
995,1,2.44313241181442,0.356048150556202,1.4507779876695,-0.00308193674981934
996,0,2.47618651565424,0.356048150556202,1.4507779876695,-0.00528409716618777
997,2,2.50634655849841,0.999971525655716,6.41506844583711e-05,-0.00107896510308117
998,2,2.53471801501514,0.999971525655716,6.41506844583711e-05,-0.00113699860627246
999,6,2.56201729541988,0.999971525655716,6.41506844583711e-05,0.00729484968938083
1000,1,2.5887089641271,0.999971525655716,6.41506844583711e-05,-0.00336384909768522
1001,1,2.61509456526774,0.999971525655716,6.41506844583711e-05,-0.00341249136206758
1002,1,2.0920999409865,0.999971525655716,6.41506844583711e-05,-0.00230260462789189
1003,0,1.67370447501902,0.999971525655716,6.41506844583711e-05,-0.00352144639669382
1004,1,1.33898756172944,0.999971525655716,6.41506844583711e-05,-0.000711726776875718
1005,2,1.07121297530139,0.999971525655716,6.41506844583711e-05,0.0019459641432757
1006,3,0.856991927192031,0.999971525655716,6.41506844583711e-05,0.00448057301793124
1007,3,0.685613527532519,0.999971525655716,6.41506844583711e-05,0.00482879302660007
1008,2,0.548509166295207,0.999971525655716,6.41506844583711e-05,0.00302212103196301
1009,1,0.43882402760503,1.16246625638152e-05,2.25290310776809,0.00116719857370493
1010,8,0.351074308468101,1.16246625638152e-05,2.25290310776809,0.015909118317325
1011,1,0.280872999387372,1.16246625638152e-05,2.25290310776809,0.00149572328490248
1012,0,0.224710513197828,1.16246625638152e-05,2.25290310776809,-0.000467378833696416
1013,4,0.179779191468614,1.16246625638152e-05,2.25290310776809,0.00794573550375965
1014,3,0.479525052030682,1.16246625638152e-05,2.25290310776809,0.00524237414535624
1015,1,0.680302978041824,1.16246625638152e-05,2.25290310776809,0.000664942678001642
1016,6,0.822387992719165,1.16246625638152e-05,2.25290310776809,0.010768993372055
1017,1,0.930151914467282,1.16246625638152e-05,2.25290310776809,0.00014527808397154
1018,3,1.01836831732274,1.16246625638152e-05,2.25290310776809,0.00412162545101059
1019,5,1.09601916037729,1.16246625638152e-05,2.25290310776809,0.00811994809149416
1020,1,1.16859313521151,1.16246625638152e-05,2.25290310776809,-0.000350659372993406
1021,1,1.23947343271561,0.999444208654724,0.00125215860496405,-0.000497567192351721
1022,2,1.31077577381017,0.999444208654724,0.00125215860496405,0.00142907167306938
1023,5,1.38385455594644,0.999444208654724,0.00125215860496405,0.00748238946920481
1024,5,1.45960863977926,0.999444208654724,0.00125215860496405,0.00731052377603473
1025,2,1.53866618222817,0.999444208654724,0.00125215860496405,0.000950642364090044
1026,1,1.23115002012517,0.999444208654724,0.00125215860496405,-0.000475337744806569
1027,3,0.985148606884505,0.999444208654724,0.00125215860496405,0.00413484956272217
1028,4,0.788348848114568,0.999444208654724,0.00125215860496405,0.00657741454395434
1029,3,0.630903417734413,0.999444208654724,0.00125215860496405,0.00484196435871527
1030,6,0.504936814072122,0.999444208654724,0.00125215860496405,0.0112079271364812
1031,0,0.404150385786,0.999444208654724,0.00125215860496405,-0.000822642602865108
1032,2,0.323506494128782,0.999444208654724,0.00125215860496405,0.00340555158431515
1033,0,0.258975953151393,7.23195138047459e-06,2.25291300423581,-0.000525538322353799
1034,1,0.207336067758609,7.23195138047459e-06,2.25291300423581,0.00160854805999469
1035,2,0.166009130795377,7.23195138047459e-06,2.25291300423581,0.00372170637696468
1036,2,0.132933272255388,7.23195138047459e-06,2.25291300423581,0.00378882695741131
1037,0,0.106459178360908,7.23195138047459e-06,2.25291300423581,-0.000216036948719755
1038,2,0.265367852385007,7.23195138047459e-06,2.25291300423581,0.00352007818012509
1039,1,0.372045274172164,7.23195138047459e-06,2.25291300423581,0.00127430458330443
1040,1,0.447761411097119,7.23195138047459e-06,2.25291300423581,0.00112065428548399
1041,2,0.505388505216759,7.23195138047459e-06,2.25291300423581,0.00303300563531605
1042,2,0.552730352827918,7.23195138047459e-06,2.25291300423581,0.0029369350808526
1043,1,0.594532416444693,7.23195138047459e-06,2.25291300423581,0.00082281277379278
1044,0,0.633695509688667,7.23195138047459e-06,2.25291300423581,-0.00128595422559524
1045,0,0.672008650693578,5.83043574779735e-05,2.25279794171583,-0.00136370274574984
1046,0,0.71059162143014,5.83043574779735e-05,2.25279794171583,-0.00144199874450712
1047,1,0.75016226864071,5.83043574779735e-05,2.25279794171583,0.000506993949070369
1048,2,0.791197998795786,5.83043574779735e-05,2.25279794171583,0.00245301309929999
1049,0,0.834033398959667,5.83043574779735e-05,2.25279794171583,-0.00169249770334622
1050,0,0.87890848838395,5.83043574779735e-05,2.25279794171583,-0.00178356217376298
1051,0,0.926038533416132,5.83043574779735e-05,2.25279794171583,-0.00187920258600257
1052,3,0.975599294463553,5.83043574779735e-05,2.25279794171583,0.00410809966709364
1053,0,1.02775392173414,5.83043574779735e-05,2.25279794171583,-0.00208561231609792
1054,1,1.08266099083379,5.83043574779735e-05,2.25279794171583,-0.000167743227732277
1055,0,1.14047951586616,5.83043574779735e-05,2.25279794171583,-0.00231436486049068
1056,0,1.20137214623491,5.83043574779735e-05,2.25279794171583,-0.00243793344112623
1057,0,1.26550727584559,0.997980370337708,0.00455008283589555,-0.00256548431804494
1058,0,1.33306050513292,0.997980370337708,0.00455008283589555,-0.00269697441840162
1059,0,1.40421572231825,0.997980370337708,0.00455008283589555,-0.00283520727530765
