t_train,y_train,pred_random_forest_train,pred_gradient_boosting_train,pred_lstm_train,pred_ensemble_train
0,2,1.81546025797424,2.90069605722777,12.7059898376465,5.8073820509495
1,0,0.419956377111394,0.40364691119463,12.8060455322266,4.54321627351086
2,2,2.23232783022416,3.17587539349186,12.9061012268066,6.10476815017422
3,0,0.333006148134631,-0.161764184729246,13.0061569213867,4.3924662949307
4,2,2.18827543207191,2.83381908934688,13.1062126159668,6.0427690457952
5,1,1.01159248224717,2.11012627901734,13.2062683105469,5.44266235727046
6,1,1.26423955017327,2.59095551956839,13.306324005127,5.72050635828954
7,1,0.948782890889167,2.59095551956839,13.3812103271484,5.64031624586867
8,0,0.345211323678042,0.122234197672745,13.5173873901367,4.66161097049584
9,3,2.80405395122307,4.09556605953633,13.6421356201172,6.84725187695886
10,1,1.10587938226167,0.0691812880036428,13.7030792236328,4.95937996463271
11,1,1.27127861731527,2.29668002327132,13.7886428833008,5.78553384129579
12,0,0.438895632016762,0.180844880946391,13.7953186035156,4.80501970549293
13,2,1.9302164658833,3.12809458564396,13.8285751342773,6.29562872860153
14,2,1.46552039510233,2.90069605722777,13.8567123413086,6.07430959787956
15,1,1.1561398840198,1.69935810538265,13.885856628418,5.58045153927347
16,1,1.18339186109764,2.63873632741629,13.9211654663086,5.91443121827417
17,2,1.63303033607445,2.29668002327132,13.8869552612305,5.93888854019208
18,6,4.51457754824206,4.89751864105654,13.9213333129883,7.77780983409563
19,2,2.15911893019112,1.7176633320786,13.9667663574219,5.9478495398972
20,4,3.92432513536552,4.43199369284511,14.0088272094727,7.45504867922776
21,13,9.92171031746032,11.2279307634799,14.0248031616211,11.7248147475204
22,4,3.73749577469314,2.71035607696264,14.1509628295898,6.86627156041521
23,4,4.61829236406868,6.65447815434026,14.2056655883789,8.49281203559595
24,5,4.54342063346011,4.78269932836921,14.2656097412109,7.86390990101342
25,3,3.14929634765819,2.49889551477006,14.3376998901367,6.66196391752166
26,7,6.56533148252713,6.19060142887504,14.325325012207,9.0270859745364
27,15,12.7765674603175,13.0538717272229,14.4634857177734,13.4313083017713
28,3,3.86497858952194,2.71035607696264,14.6032180786133,7.05951758169929
29,16,15.0442645965146,14.5071532425081,14.4546508789062,14.668689572643
30,16,13.3594195526696,11.5179417026235,14.6619567871094,13.1797726808008
31,7,8.20259415584416,4.00623013641189,14.7724075317383,8.99374394133144
32,22,19.4579826839827,23.5674276253227,14.8256759643555,19.2836954245536
33,17,14.7794047619048,12.4093386728295,15.1182632446289,14.1023355597877
34,5,8.32385714285714,5.08172205476285,15.2836151123047,9.5630647699749
35,7,10.3531349206349,8.10763301240702,15.1960601806641,11.2189427045687
36,17,16.1340434565435,15.6772523341451,15.4668731689453,15.7593896532113
37,17,15.4569671717172,14.1435807525642,15.4281158447266,15.0095545896693
38,14,13.7357489177489,12.9242976443615,15.5273361206055,14.0624608942386
39,8,8.72020526695527,6.38729151175171,15.7205963134766,10.2760310307278
40,19,18.3912619047619,19.2380046332704,15.419075012207,17.6827805167465
41,102,66.5901904761905,94.5350182176355,15.4768829345703,58.8673638761321
42,3,18.7249603174603,6.01338238083307,16.7029418945312,13.8137615309415
43,22,36.8047817460318,27.0921633074276,16.8003005981445,26.899081883868
44,88,69.6224841269841,83.7914703865044,17.0044631958008,56.8061392364298
45,4,14.3260238095238,5.93857332610383,18.2407608032227,12.8351193129501
46,85,80.3294206349206,86.7967749968212,18.6162567138672,61.9141507818697
47,0,15.1472817460318,2.06406945623028,20.4613189697266,12.5575567239962
48,152,106.890634920635,153.997787069844,21.10888671875,93.9991029030763
49,22,36.0570992063492,20.5252739696542,21.4919967651367,26.02478998038
50,17,32.6383293650794,27.3564954963911,23.8317565917969,27.9421938177558
51,78,75.846003968254,77.5964900215707,24.0384292602539,59.1603077500262
52,64,55.6855238095238,50.9697348153521,23.7742080688477,43.4764888979079
53,19,26.9954325396825,20.4262420496493,27.5220413208008,24.9812386367109
54,5,11.7184523809524,7.52904817565901,24.3899230957031,14.5458078841048
55,6,12.2339642857143,7.61899001757569,27.1746826171875,15.6758789734925
56,3,6.38590187590188,3.39705107986892,20.8812103271484,10.2213877609731
57,1,3.65854584496209,0.681839886242946,21.512580871582,8.61765553426235
58,0,3.59681966481231,0.548011120583165,20.1582336425781,8.1010214759912
59,1,4.39568483597161,1.91694780174891,17.9839019775391,8.09884487175319
60,2,3.20893947994915,2.46757807847449,16.4951324462891,7.3905500015709
61,2,1.92972970576221,3.01041684447292,15.7337265014648,6.89129101723332
62,2,2.17895186425387,2.7594282610804,15.0615310668945,6.66663706407627
63,10,7.62163211951447,9.01242392606654,14.7922286987305,10.4754282481038
64,1,1.92834474009822,2.01038071340882,14.7042694091797,6.21433162089558
65,1,2.23124876213809,3.54445016869939,14.5685119628906,6.7814036312427
66,0,0.717995244435647,-0.348429873669956,14.5740814208984,4.98121559722138
67,0,1.11263116717302,2.21424234802921,14.6101303100586,5.97900127508694
68,1,1.41454060755354,2.68486166569755,14.6193542480469,6.23958550709932
69,3,2.75014733605372,3.31128633848381,14.6388702392578,6.90010130459845
70,1,1.32478760470583,0.699881928821101,14.6809616088867,5.56854371413788
71,2,2.05408614031418,2.68570254414957,14.5153732299805,6.41838730481474
72,0,0.37905846499599,0.755531855477184,14.5853729248047,5.23998774842595
73,2,2.32622035707295,3.07568196668831,14.5241241455078,6.64200882308969
74,1,1.00915850978688,1.13394700945878,14.5603713989258,5.56782563939048
75,5,4.63726331757911,5.59746617663754,14.5957260131836,8.27681850246675
76,2,2.106469873294,1.44051499130205,14.667236328125,6.07140706424035
77,2,1.99872177848847,3.54795004604698,14.6796264648438,6.74209942979306
78,2,1.9446918825588,2.90069605722777,14.7614974975586,6.53562847911506
79,0,0.693338237682883,0.755531855477184,14.7975463867188,5.41547215995961
80,0,0.952720620590263,2.30272534036122,14.8667373657227,6.04072777555805
81,5,5.20555982905983,5.22926538813403,14.8762512207031,8.437025479299
82,6,4.47585960852013,5.324238820965,14.9850158691406,8.26170476620859
83,6,5.03862454212454,7.00804477039297,14.9933166503906,9.01332865430271
84,11,10.0392738095238,11.0667044974128,15.0922622680664,12.0660801916677
85,14,12.4248495670996,11.6981892293775,15.1982574462891,13.1070987475887
86,7,7.02214971139971,6.86033655371225,15.3732452392578,9.75191050145659
87,3,4.19358441558442,2.92303672455522,15.5421829223633,7.55293468750097
88,7,8.28573593073593,6.26786756809972,15.7045288085938,10.0860441024765
89,14,13.4290210900211,14.6871249071948,15.8562774658203,14.6574744876787
90,10,9.95455086580087,9.85363776549899,16.13525390625,11.9811475125166
91,15,15.0822233044733,16.0552286135409,16.3591461181641,15.8321993453927
92,18,17.2108113275613,17.4286992272698,16.4895553588867,17.0430219712393
93,26,22.8027554112554,26.88147686577,16.5980911254883,22.0941078008379
94,29,26.6421150793651,27.5302069517712,16.9513092041016,23.7078770784126
95,29,27.3576150793651,26.9372363212833,17.40234375,23.8990650502161
96,27,26.9346071428571,28.3017124177962,17.8465805053711,24.3609666886748
97,30,29.1504880952381,27.9683936655605,18.2403793334961,25.1197536980982
98,25,26.0084880952381,26.6664930429648,18.9308319091797,23.8686043491275
99,16,17.6650833333333,18.3220183080138,19.4686813354492,18.4852609922654
100,30,30.248626984127,33.1191101394695,19.979621887207,27.7824530036012
101,17,16.6639642857143,15.0250875904662,20.4837951660156,17.3909490140654
102,30,30.3750555555556,29.1133183053197,20.7014846801758,26.729952847017
103,34,30.0287380952381,29.461341392581,21.0139770507812,26.8346855128668
104,25,25.1477817460317,24.0693747841198,21.3210983276367,23.5127516192627
105,35,35.1061031746032,32.2938867458729,21.3233489990234,29.5744463064998
106,26,25.5104047619048,23.7979325746837,21.6700897216797,23.6594756860894
107,50,48.7564642857143,56.0819676908339,22.1435241699219,42.32731871549
108,52,45.9673888888889,44.6375912956862,22.6744689941406,37.7598163929052
109,48,47.3465992063492,45.1879958292089,24.5110702514648,39.015221762341
110,39,40.9175079365079,41.6930534328852,25.5966796875,36.0690803522977
111,46,47.4245396825397,45.6618845937653,26.859489440918,39.9819712390743
112,32,34.5749087301587,31.0201079336276,28.9724960327148,31.522504232167
113,58,59.4947738095238,61.8359909589221,30.1798706054688,50.5035451246382
114,44,41.6294841269841,41.3238919732316,35.4010543823242,39.4514768275133
115,36,40.9769206349206,39.3054944834073,38.2317276000977,39.5047142394752
116,60,61.7283412698413,63.1641079965809,40.6305122375488,55.1743205013237
117,65,59.9844880952381,60.5182416533613,44.7000389099121,55.0675895528372
118,55,56.7483611111111,53.178732752664,50.3312797546387,53.4194578728046
119,54,56.4425634920635,51.0332969541345,53.4806785583496,53.6521796681825
120,90,90.321369047619,90.2982087857667,60.9919242858887,80.5371673730915
121,75,75.3785952380953,70.5120309815662,67.1823577880859,71.0243280025825
122,94,94.4099682539683,95.2526181981647,76.0677795410156,88.5767886643829
123,109,102.298757936508,105.784086919782,88.0698547363281,98.7175665308726
124,88,85.9178412698413,90.0956897933391,97.4717330932617,91.161754718814
125,66,76.3767341269842,73.2892044151169,104.43123626709,84.6990582697303
126,99,102.95576984127,105.415092026104,110.930015563965,106.433625810446
127,129,115.186908730159,119.916580681502,122.090805053711,119.064764821791
128,79,83.8940158730159,78.2475335926234,129.762557983398,97.3013691496792
129,85,92.9012698412699,93.7547876697392,133.873168945312,106.843075485441
130,95,94.5884523809524,89.3428893094813,135.913635253906,106.61499231478
131,232,185.648134920635,225.031411878683,138.976226806641,183.218591201986
132,198,175.242027777778,189.736279625503,162.017425537109,175.665244313463
133,173,175.634511904762,177.026230629759,172.142501831055,174.934414788525
134,141,143.281678571429,144.868423695206,172.880920410156,153.67700755893
135,140,148.745853174603,147.900852689581,169.82112121582,155.489275693335
136,175,174.837678571429,170.905144044661,177.380813598633,174.374545404908
137,119,127.869825396825,119.591151063855,186.145858764648,144.535611741776
138,152,163.65201984127,158.14107227736,186.987442016602,169.593511378411
139,169,167.99755952381,164.590799773202,179.257247924805,170.615202407272
140,139,140.250162698413,140.080529092673,186.18962097168,155.506770920922
141,208,201.796416666667,202.928123716967,186.3974609375,197.040667107045
142,188,178.360734126984,187.822053286876,200.488388061523,188.890391825128
143,162,165.38669047619,167.718191694697,204.924057006836,179.342979725908
144,274,248.283964285714,275.804144909269,202.723266601562,242.270458598849
145,180,179.170341269841,175.164746553,223.984588623047,192.773225481963
146,204,221.882662698413,216.13961556454,219.230758666992,219.084345643315
147,212,206.169988095238,208.021904914067,222.962066650391,212.384653219898
148,197,197.49026984127,199.748762466793,230.603332519531,209.280788275865
149,175,177.146996031746,177.481151920222,224.546844482422,193.058330811463
150,198,200.444579365079,198.654508387991,223.438110351562,207.512399368211
151,198,193.291063492063,188.428790951639,228.323822021484,203.347892155062
152,208,209.923996031746,209.751156132465,214.525634765625,211.400262309945
153,179,178.036579365079,181.490709388365,220.448669433594,193.325319395679
154,133,145.863654761905,134.797496767369,212.808258056641,164.489803195305
155,363,284.797809523809,355.701395244163,202.803085327148,281.10076336504
156,253,240.192988095238,247.90863497184,227.831253051758,238.644292039612
157,174,202.920761904762,176.089389812469,225.933517456055,201.647889724428
158,161,177.05751984127,162.059456013136,213.4599609375,184.192312263969
159,191,201.267817460317,190.694436531814,209.888549804688,200.61693459894
160,157,157.153119047619,152.948017655508,207.154754638672,172.418630447266
161,253,244.666531746032,252.115111546627,203.313079833984,233.364907708881
162,161,162.350874458874,158.526947939248,216.567535400391,179.148452599504
163,231,236.182448412698,238.050627309871,188.219284057617,220.817453260062
164,175,167.589501443001,170.361284159079,193.32160949707,177.090798366384
165,230,234.415591269841,231.372390974488,187.407302856445,217.731761700258
166,248,237.547448412698,245.330108956783,189.81005859375,224.229205321077
167,150,170.845619047619,156.671657556001,190.086334228516,172.534536944045
168,133,148.177892857143,140.278086408414,182.531723022461,156.995900762673
169,193,194.881507936508,192.886538574176,163.253967285156,183.674004598613
170,198,194.003083333333,195.834016576116,175.92610168457,188.587733864673
171,115,136.030898268398,117.101952315319,168.159378051758,140.430742878492
172,185,192.114952380952,182.735032549472,159.858474731445,178.236153220623
173,191,183.055,185.502092044477,152.614349365234,173.723813803237
174,178,174.429218253968,181.804217598909,146.99284362793,167.742093160269
175,105,120.770718253968,110.666904246485,148.355850219727,126.59782424006
176,152,166.393456349206,154.661379029512,139.779754638672,153.611530005797
177,138,135.756865079365,136.516557449826,132.07795715332,134.783793227504
178,84,97.3988968253968,86.3023416814299,127.757698059082,103.81964552197
179,121,128.536662698413,124.98246003414,125.447654724121,126.322259152225
180,115,114.679006132756,114.979827450656,118.208786010742,115.955873198052
181,170,169.696801587302,173.050994339291,116.446449279785,153.064748402126
182,180,169.877388888889,180.871861787713,119.294372558594,156.681207745065
183,127,127.085698412698,127.461541286015,127.169288635254,127.238842777989
184,101,102.074321428571,104.336392472261,119.575668334961,108.662127411931
185,118,123.317194444444,116.052948692453,117.511177062988,118.960440066629
186,109,110.282091269841,109.099837582662,122.237686157227,113.873205003243
187,91,90.7934603174603,90.4386316805234,120.10791015625,100.446667384745
188,157,152.377222222222,157.165027872873,121.608711242676,143.71698711259
189,162,148.862027777778,159.265135606409,123.234306335449,143.787156573212
190,118,117.529833333333,116.421253498484,122.883781433105,118.944956088308
191,87,91.5528373015873,89.3985053209734,122.278884887695,101.076742503419
192,65,74.0159404761905,66.9978178457405,119.241157531738,86.7516386178898
193,81,86.7726388888889,81.6155184232726,113.552597045898,93.9802514526866
194,175,155.83321031746,177.28653946656,115.23607635498,149.451942046334
195,117,111.828375180375,111.431918554521,128.637756347656,117.299350027518
196,159,153.120666666667,156.78780953253,122.528823852539,144.145766683912
197,186,175.074603174603,183.63665437265,126.690841674805,161.800699740686
198,128,126.606757936508,132.710342441693,134.643310546875,131.320136975025
199,117,123.891551587302,121.814963344478,134.114181518555,126.606898816778
200,123,124.560547619048,119.321919541063,137.681396484375,127.187954548162
201,115,116.387125180375,115.081194054293,140.907531738281,124.12528365765
202,136,139.606674603175,134.463065091197,132.88444519043,135.6513949616
203,134,131.488384920635,126.775976640398,141.976287841797,133.413549800943
204,157,155.086670634921,158.571203223964,139.227355957031,150.961743271972
205,159,155.831471500722,169.104600228473,137.996994018555,154.311021915916
206,90,96.4370714285714,91.5683772002297,142.180862426758,110.062103685186
207,170,172.403392857143,170.844425449969,134.555908203125,159.267908836746
208,186,174.026765873016,182.463604927787,139.267730712891,165.252700504564
209,161,157.356555555556,166.128673510789,145.839340209961,156.441523092102
210,179,178.862488095238,180.00951719704,143.592910766602,167.48830535296
211,172,170.304162698413,173.53585458306,147.029479980469,163.62316575398
212,274,242.95425,268.677108999501,145.745681762695,219.125680254066
213,132,144.617477633478,130.855712037214,157.173049926758,144.21541319915
214,142,163.315677849928,155.99538886098,154.117599487305,157.809555399404
215,151,156.108146825397,153.483791654205,144.2041015625,151.265346680701
216,175,174.61744047619,171.957183861975,141.748809814453,162.774478050873
217,190,184.663555555555,184.14814111373,144.671752929688,171.161149866324
218,155,149.591603174603,153.627867490891,143.861938476562,149.027136380686
219,139,149.424694444444,146.539484438241,140.894622802734,145.619600561807
220,122,130.265884920635,127.978497672612,125.415458679199,127.886613757482
221,106,108.347611111111,104.594907972725,129.582717895508,114.175078993115
222,136,136.045456349206,135.232410746112,123.390014648438,131.555960581252
223,161,158.663908730159,160.030445306613,124.304496765137,147.666283600636
224,118,113.806797619048,113.359666409824,124.33618927002,117.167551099631
225,206,196.570865079365,206.294555110067,118.313438415527,173.726286201653
226,98,107.077134920635,98.5790936095024,127.669281005859,111.108503178666
227,141,153.02769047619,151.418766448362,121.929862976074,142.125439966876
228,140,139.055146825397,133.217156819715,123.63729095459,131.969864866567
229,161,162.323638888889,166.993435623635,126.154144287109,151.823739599878
230,121,117.715781746032,118.494501356009,127.100616455078,121.103633185706
231,127,131.885662698413,129.272424405711,122.584625244141,127.914237449422
232,177,172.54071031746,171.400440008504,126.880867004395,156.940672443453
233,92,96.4693452380952,92.5862591761002,122.582778930664,103.879461114953
234,72,83.0773373015873,81.8330156407801,124.733985900879,96.5481129477488
235,126,124.456400793651,128.930384372947,115.061317443848,122.816034203482
236,189,176.007626984127,188.70469471072,118.165542602539,160.959288099129
237,183,171.010007936508,181.38006542444,123.281318664551,158.557130675166
238,113,120.405468253968,114.944390082323,129.696762084961,121.682206807084
239,141,152.812535714286,147.064586100303,123.128028869629,141.001716894739
240,97,96.8349087301587,93.6466410466273,118.919853210449,103.133800995745
241,75,80.3436865079365,74.6602994511553,121.11449432373,92.0394934276074
242,157,142.437547619048,157.308742407411,120.818618774414,140.188302933624
243,181,168.704507936508,175.326876472836,125.74674987793,156.592711429091
244,116,119.001410894661,116.857329311249,126.791358947754,120.883366384555
245,135,139.209190476191,134.690651232054,121.270347595215,131.723396434486
246,180,174.494083333333,172.169775115736,126.247909545898,157.637255998323
247,106,103.944718253968,100.845241976565,128.702987670898,111.164315967144
248,80,86.3544563492063,82.9201553702065,127.764320373535,99.012977364316
249,121,124.941428571429,113.530235653144,126.729431152344,121.733698458972
250,145,139.888876984127,140.196165360383,122.949905395508,134.344982580006
251,129,126.292238095238,126.368812738807,124.694686889648,125.785245907898
252,90,92.5044880952381,89.6258397357732,130.074066162109,104.06813133104
253,134,134.20644047619,134.95156145143,123.513938903809,130.89064694381
254,103,93.1404603174604,97.4230195548991,121.179275512695,103.914251795018
255,124,128.007678571429,124.243826161196,123.839485168457,125.36366330036
256,212,190.942043650794,207.17960613565,127.350517272949,175.157389019798
257,144,137.639527777778,143.715888974188,136.251922607422,139.202446453129
258,201,198.835797619048,206.051488731081,132.943496704102,179.276927684743
259,74,97.0296706349206,72.9082578635454,139.988204956055,103.308711151507
260,190,188.175111111111,195.29100425643,134.284912109375,172.583675825639
261,172,159.325880952381,167.439140435212,140.304702758789,155.689908048794
262,91,106.457047619048,97.0292746769039,146.347122192383,116.611148162778
263,200,197.205242063492,199.614518051789,137.76806640625,178.195942173844
264,192,179.907388888889,187.189086893825,138.493591308594,168.530022363769
265,135,142.733396825397,141.629212125912,147.845230102539,144.069279684616
266,161,169.912972222222,167.865733424932,136.428909301758,158.069204982971
267,108,116.109134920635,109.697759128745,149.9052734375,125.237389162293
268,91,96.7601785714286,90.2291167708821,134.369262695312,107.119519345874
269,134,131.51026984127,132.841593673721,132.375610351562,132.242491288851
270,155,152.027265873016,151.428292995913,143.82502746582,149.09352877825
271,136,137.525525974026,137.297753778446,138.875549316406,137.899609689626
272,149,155.853305555556,159.538857858854,139.315979003906,151.569380806105
273,82,94.4980357142857,81.7154282070965,146.276824951172,107.496762957518
274,176,176.447242063492,181.188301049686,135.506942749023,164.380828620734
275,203,190.855813492063,189.515368818876,149.654647827148,176.675276712696
276,128,133.338234126984,125.851185657581,160.671966552734,139.953795445767
277,195,199.806369047619,195.595419985822,152.924652099609,182.775480377683
278,186,182.755527777778,186.04277379247,159.571044921875,176.123115497374
279,206,201.26519047619,198.653683986568,164.658752441406,188.192542301388
280,208,202.362523809524,210.196969160084,167.459747314453,193.339746761353
281,178,172.813476190476,177.567762401564,179.048950195312,176.476729595784
282,137,141.192178571429,137.450338276673,169.103378295898,149.248631714667
283,103,119.918579365079,105.14040342798,160.629348754883,128.562777182647
284,97,111.008518037518,99.3149790528574,160.773315429688,123.698937506688
285,126,133.287801587302,128.963236407157,150.356399536133,137.535812510197
286,174,170.045011904762,172.974727475535,152.017593383789,165.012444254695
287,145,139.636361111111,140.836573834138,154.883865356445,145.118933433898
288,198,193.878809523809,197.41831027121,150.798751831055,180.698623875358
289,176,170.563783189033,177.10699061825,157.217590332031,168.296121379771
290,189,188.770726190476,187.437990245802,159.606048583984,178.604921673421
291,131,135.255313492063,132.242277114634,163.623992919922,143.707194508873
292,161,171.295448412698,166.574396595374,160.567947387695,166.145930798589
293,213,199.560035714286,199.791553596767,161.103240966797,186.818276759283
294,193,182.193813492063,189.744655646904,164.345642089844,178.761370409604
295,239,232.315527777778,241.418153414224,168.313003540039,214.015561577347
296,220,212.324456349206,220.588412803622,167.532989501953,200.148619551594
297,146,154.055920634921,148.170901355713,167.318176269531,156.514999420055
298,191,193.455122294372,190.166502209612,154.224456787109,179.282027097031
299,218,205.655166666667,210.8987447796,158.449310302734,191.667740583
300,223,217.672599206349,223.813993964923,158.217575073242,199.901389414838
301,180,173.383972222222,178.115162311254,152.460220336914,167.986451623464
302,149,149.792162698413,145.215039198317,145.270385742188,146.759195879639
303,149,154.298221500721,151.291046290341,130.096817016602,145.228694935888
304,116,119.793527777778,111.563085793433,121.367660522461,117.574758031224
305,116,126.628841269841,118.224777134676,116.116806030273,120.323474811597
306,112,115.228823593074,107.886039079957,102.30590057373,108.47358774892
307,76,83.5565753968254,72.6334216196825,91.8078689575195,82.6659553246758
308,49,66.6382023809524,55.5764085701847,79.1486663818359,67.1210924443243
309,124,110.985392857143,122.930379880441,70.9136199951172,101.609797577567
310,101,88.4770198412699,91.4319148469265,71.8797149658203,83.9295498846722
311,60,68.2415436507937,65.9962860500567,67.2423248291016,67.160051509984
312,77,76.3208849206349,78.7747815020395,62.0039024353027,72.366522952659
313,76,72.9878134920635,72.6691960230883,58.5748176574707,68.0772757242075
314,58,61.5697341269841,61.8494654207196,55.5269355773926,59.6487117083654
315,37,47.6116468253968,38.7738711446041,54.5658340454102,46.983784005137
316,71,70.3899841269841,69.2083832434292,54.0011672973633,64.5331782225922
317,51,47.8746111111111,47.5521830712539,45.8078994750977,47.0782312191542
318,20,30.4217182539682,22.9037676400932,41.7447395324707,31.6900751421774
319,26,32.0718888888889,31.8759234182032,36.4271125793457,33.4583082954793
320,32,31.3727182539683,33.2260995615369,31.0739669799805,31.8909282651619
321,32,32.4132341269841,32.2612831322352,28.7273178100586,31.1339450230927
322,32,32.4628452380952,32.2612831322352,26.7226715087891,30.4822666263732
323,34,33.3878214285714,33.7602943628278,25.2904663085938,30.8128606999977
324,36,33.9798333333333,35.9038618557681,22.5906066894531,30.8247672928515
325,34,33.1226071428571,34.5058370045976,21.7302780151367,29.7862407208638
326,22,22.8920912698413,20.0144471846754,21.4085235595703,21.4383540046957
327,25,27.2333452380952,25.6308963914016,20.9036560058594,24.5892992117854
328,15,17.1323394660895,16.3844621087008,20.706428527832,18.0744100342074
329,19,21.8945,21.1584488505633,20.4293975830078,21.1607821445237
330,50,41.0183888888889,44.7011260705553,20.1446380615234,35.2880510069892
331,25,23.2770119047619,19.6325186482133,20.3002090454102,21.0699131994618
332,29,30.3274285714286,26.614457330415,20.0161514282227,25.6526791100221
333,27,27.0443095238095,26.8491547214556,19.7342224121094,24.5425622191248
334,39,36.4247420634921,36.9454823059454,19.735107421875,31.0351105971042
335,39,36.6297023809524,32.27552193005,19.7752532958984,29.5601592023003
336,45,42.0065357142857,40.2136794630723,20.2855072021484,34.1685741265021
337,48,44.1137698412699,44.7973796627116,20.8036575317383,36.5716023452399
338,43,42.3283531746032,42.7663639685366,20.6130981445312,35.2359384292237
339,16,20.4334108946609,13.2954243142338,21.3475799560547,18.3588050549831
340,37,41.0171071428571,40.2551630302466,21.2653961181641,34.1792220970893
341,45,39.5801428571429,41.3254338671759,21.8406295776367,34.2487354339852
342,59,55.9864047619048,58.7951329427718,22.1180801391602,45.6332059479456
343,36,34.0198831168831,33.2462631712489,22.7730407714844,30.0130623532055
344,70,66.4636150793651,68.0818229067708,22.5332260131836,52.3595546664398
345,39,34.6469365079365,36.8322979595176,23.0445861816406,31.5079402163649
346,16,24.0241132756133,19.8712618922369,22.9594802856445,22.2849518178316
347,29,33.9269007936508,32.1742855756865,23.7384948730469,29.9465604141281
348,15,16.5026767676768,15.6615854967299,23.6862258911133,18.6168293851733
349,32,35.9333333333333,33.5131730505428,23.5043487548828,30.9836183795863
350,41,36.8015238095238,34.9395703963916,22.6151809692383,31.4520917250512
351,31,29.5656111111111,25.588065252448,22.8606185913086,26.0047649849559
352,21,22.88775,21.9989874988473,21.205940246582,22.0308925818098
353,10,13.7614246031746,11.8348543870172,20.8862686157227,15.4941825353048
354,19,22.0133412698413,19.6907652529942,20.5907516479492,20.7649527235949
355,31,28.4882380952381,29.5398604108654,20.1731033325195,26.067067279541
356,31,29.6519087301587,28.3394829741571,20.6183929443359,26.2032615495506
357,31,29.854373015873,28.3394829741571,20.375114440918,26.189656810316
358,52,47.7572579365079,51.4900618068963,20.0390548706055,39.7621248713366
359,40,37.3956785714286,36.5323361716149,20.2692947387695,31.3991031606043
360,55,53.2662063492063,54.9158316108003,20.5066223144531,42.8962200914866
361,98,85.3714761904762,94.5282912786323,21.4673080444336,67.122358504514
362,55,56.170130952381,55.5956767974322,23.5140838623047,45.0932972040393
363,77,81.8862142857143,84.0246445852625,25.0219650268555,63.6442746326107
364,62,62.9143174603175,62.5619100707162,27.7416915893555,51.0726397067964
365,30,38.3943571428571,34.4526252442235,30.3703765869141,34.4057863246649
366,53,58.7653690476191,59.0726381416499,31.8273315429688,49.8884462440792
367,19,24.5574365079365,19.4994709504428,37.7344512939453,27.2637862507749
368,53,58.6108253968254,55.5290195357963,37.8602142333984,50.6666863886734
369,47,44.8686309523809,46.5717426380783,33.9525299072266,41.7976344992286
370,52,51.7571507936508,51.3521045320918,34.5752563476562,45.8948372244663
371,45,43.4867380952381,46.0537723687075,30.5848922729492,40.0418009122983
372,39,41.6767936507936,42.8008937404225,29.4888076782227,37.9888316898129
373,23,25.4210079365079,25.8629635143237,29.6262359619141,26.9700691375819
374,29,31.1029047619048,30.2911123979844,28.0320663452148,29.8086945017013
375,38,36.1011468253968,37.1977688059422,29.3316955566406,34.2102037293266
376,55,53.1864087301587,55.3594859688844,28.4589920043945,45.6682955678126
377,69,64.526619047619,65.1494743004749,29.1690979003906,52.9483970828282
378,23,29.2865238095238,24.2148611014562,29.3951797485352,27.6321882198384
379,27,33.3776865079365,30.0569127322841,28.9587020874023,30.7977671092076
380,28,29.6677896825397,31.9463220601866,28.7957077026367,30.1366064817877
381,66,61.5467420634921,66.1585139585161,29.6756896972656,52.4603152397579
382,58,53.6185873015873,53.0092477413164,31.7442779541016,46.1240376656684
383,86,82.4825317460318,88.2736309610806,33.8936538696289,68.2166055255804
384,82,79.1262301587302,79.4269595398058,37.1928024291992,65.2486640425784
385,79,79.4570277777778,78.2080616886198,38.2068786621094,65.2906560428357
386,105,99.8033214285714,106.915726495498,48.3106727600098,85.0099068946932
387,78,76.229123015873,74.9613828085263,59.7669944763184,70.3191667669059
388,87,90.5383174603174,88.6927756938204,71.2920303344727,83.5077078295368
389,113,106.790301587302,114.634923895245,77.4792327880859,99.6348194235443
390,91,87.2469682539683,89.5829421697347,89.4149856567383,88.7482986934804
391,96,97.4004722222222,93.5714514990544,90.9299545288086,93.9672927500284
392,147,137.696761904762,147.916215326788,96.0094833374023,127.207486856317
393,127,121.035484126984,122.911144801822,105.437911987305,116.461513638704
394,142,144.002027777778,142.659620724568,105.650665283203,130.77077126185
395,134,128.626273809524,130.336134368862,113.357803344727,124.106737174371
396,168,159.968178571429,164.34397326894,116.169998168945,146.827383336438
397,122,115.012301587302,116.202967042763,119.570831298828,116.928699976297
398,102,106.452472222222,107.866729073039,120.657295227051,111.658832174104
399,194,185.391202380952,192.772871148491,119.062568664551,165.742214064665
400,169,159.331361111111,164.35482721555,123.892707824707,149.192965383789
401,135,137.00819047619,134.916337518351,127.359008789062,133.094512261201
402,44,74.5784761904762,50.5247983702194,122.721504211426,82.6082595907071
403,64,85.6142619047619,72.9494506784905,113.841621398926,90.8017779940594
404,71,69.9465119047619,67.0495020121639,107.550476074219,81.5154966637148
405,52,60.877873015873,50.2452779377285,110.361824035645,73.8283249964153
406,81,83.3955396825397,85.1006153131059,110.105537414551,92.8672308033988
407,89,81.8480674603175,79.679656136306,102.288955688477,87.9388930950334
408,67,71.5662936507937,66.22408785308,102.508201599121,80.0995277009983
409,57,67.0586349206349,66.7214450588196,100.969024658203,78.2497015458859
410,85,86.0283214285714,87.2655245465409,107.892425537109,93.7287571707406
411,88,84.2359841269841,83.0620943743255,112.255851745605,93.1846434156384
412,94,91.4447301587302,90.328708675291,118.911529541016,100.228322791679
413,86,87.8893293650794,86.0414875155957,129.098968505859,101.009928462178
414,189,156.586071428571,189.589333810815,133.217971801758,159.797792347048
415,168,150.533642857143,165.978664889782,152.278701782227,156.263669843051
416,242,226.683011904762,244.216722408595,164.124954223633,211.674896178997
417,266,244.056507936508,259.523455151723,185.156143188477,229.578702092236
418,178,182.315003968254,177.944711466289,200.127212524414,186.795642652986
419,301,279.481277777778,302.454037161726,201.883453369141,261.272922769548
420,149,174.349551587302,150.109204425369,224.49870300293,182.985819671867
421,137,158.546146825397,146.254529806798,220.742263793945,175.180980142047
422,138,155.92094047619,138.981028188187,210.091506958008,168.331158540795
423,240,223.646876984127,231.416149153956,214.384017944336,223.14901469414
424,261,246.047785714286,257.476942294011,221.613784790039,241.712837599445
425,267,257.05403968254,268.377340304521,228.717910766602,251.383096917887
426,190,211.628531746032,191.731018840877,244.840377807617,216.066642798175
427,259,275.228575396825,266.107295964501,227.604827880859,256.313566414062
428,301,289.82476984127,296.576651571027,252.109848022461,279.503756478253
429,445,373.009599206349,444.487932396398,267.937957763672,361.811829788806
430,404,356.024468253968,396.717341575172,298.781097412109,350.507635747083
431,262,291.463376984127,264.219223724091,302.858337402344,286.180312703521
432,285,311.818948412698,293.319903288961,296.235198974609,300.45801689209
433,300,312.534115079365,298.639682599572,301.822082519531,304.331960066156
434,357,347.148706349206,357.172228272629,321.950836181641,342.090590267825
435,495,438.995722222222,495.261115566119,333.081420898438,422.446086228926
436,403,405.946535714286,405.091722213973,356.7880859375,389.275447955253
437,472,456.216,472.551210139805,350.189270019531,426.318826719779
438,240,317.283154761905,238.727136128235,368.031646728516,308.013979206218
439,406,405.177976190476,411.229256319922,367.288452148438,394.565228219612
440,392,387.402059523809,384.124329640882,387.452087402344,386.326158855678
441,335,356.934996031746,338.839296813064,398.907562255859,364.893951700223
442,405,420.87555952381,401.402699809771,404.789947509766,409.022735614449
443,479,455.251428571429,484.277858950211,420.739379882812,453.422889134818
444,466,455.757634920635,465.344118074271,453.568695068359,458.223482687755
445,506,492.486964285714,511.14821228307,489.098083496094,497.577753354959
446,405,419.702341269841,407.60753492535,515.272521972656,447.527466055949
447,678,575.969468253968,675.332564626103,536.037841796875,595.779958225649
448,834,646.297837301587,830.542633207775,556.702087402344,677.847519303902
449,890,676.010801587302,876.034481123181,571.255981445312,707.767088051932
450,821,660.728996031746,818.009495321161,581.242065429688,686.660185594198
451,340,554.144591269841,354.27842451472,579.77978515625,496.067600313604
452,635,632.697293650794,635.265885766141,555.386657714844,607.783279043926
453,667,642.057551587301,663.240523464929,549.278686523438,618.192253858556
454,709,653.629067460317,720.010769171333,539.084777832031,637.574871487894
455,426,527.03169047619,420.077975508681,522.0478515625,489.71917251579
456,477,539.213841269841,483.137489671566,480.550903320312,500.967411420573
457,491,500.280626984127,490.167812007287,434.313262939453,474.920567310289
458,425,451.085626984127,424.655586652689,388.268127441406,421.336447026074
459,277,358.622912698413,277.156530450116,366.63232421875,334.137255789093
460,393,392.024119047619,391.062515163994,333.868957519531,372.318530577048
461,367,370.846345238095,368.276719248257,311.593444824219,350.238836436857
462,290,323.313599206349,287.906674683263,294.182006835938,301.80076024185
463,348,364.344194444444,352.284017498154,291.158569335938,335.928927092845
464,395,390.047694444445,391.99522454831,289.187530517578,357.076816503444
465,272,297.321956349206,269.285300598172,295.225769042969,287.277675330116
466,376,358.74851984127,376.296208561442,264.945068359375,333.329932254029
467,278,282.71005952381,276.710893154459,277.689910888672,279.036954522313
468,234,266.01826984127,234.307482858508,262.903900146484,254.409884282087
469,163,210.578984126984,168.727594770214,262.350891113281,213.885823336827
470,190,215.225531746032,195.296554882829,243.354354858398,217.958813829086
471,349,306.540103174603,347.264482429257,227.385116577148,293.729900727003
472,198,209.321428571429,193.874795428354,232.130310058594,211.775511352792
473,301,293.866845238095,300.627885921732,217.772125244141,270.755618801323
474,199,206.623027777778,197.298113747366,198.841369628906,200.92083705135
475,192,212.305488095238,197.779517751801,186.334655761719,198.806553869586
476,143,159.504634920635,141.2467054563,170.468612670898,157.073317682611
477,227,228.006654761905,228.651233531233,157.360565185547,204.672817826228
478,289,251.681824675325,286.263949611025,154.484848022461,230.81020743627
479,172,180.473662698413,173.906324504078,145.247283935547,166.542423712679
480,138,145.962246031746,140.25430537742,141.203948974609,142.473500127925
481,115,129.141166666667,113.663172536794,119.71607208252,120.840137095327
482,121,136.691229437229,129.738118223552,115.09252166748,127.173956442754
483,94,102.427412698413,88.0880815519254,105.644111633301,98.7198686278796
484,82,94.6645595238095,83.9058790797842,99.8941268920898,92.8215218318945
485,59,64.3943690476191,60.9196787564143,84.6464004516602,69.9868160852312
486,65,69.2039325396825,67.2517550902807,72.7688064575195,69.7414980291609
487,65,63.3862896825397,56.6982996363467,72.4818115234375,64.1888002807746
488,47,51.8268055555556,47.9761850126668,69.5714721679688,56.458154245397
489,36,46.1521031746032,41.968790526373,64.8263473510742,50.9824136840168
490,64,65.4548134920635,66.2601276198098,57.0721130371094,62.9290180496609
491,56,51.9869444444445,52.4169551953204,52.8030853271484,52.4023283223044
492,72,70.7597619047619,70.1964345965424,46.2564239501953,62.4042068171665
493,41,43.3372142857143,37.6565152531887,44.5851402282715,41.8596232557248
494,48,52.010630952381,48.784736290594,37.4809112548828,46.0920928326192
495,50,49.0789285714286,48.6863241617776,33.5234527587891,43.7629018306651
496,42,45.5874126984127,46.3933182934742,32.3924255371094,41.4577188429988
497,43,43.2265634920635,43.7472577736154,32.0928955078125,39.6889055911638
498,74,66.1869880952381,67.3683801316983,30.1848831176758,54.5800837815374
499,34,34.1319603174603,33.9160947345672,30.5459136962891,32.8646562494388
500,35,38.4935833333333,40.258927610226,28.5387268066406,35.7637459167333
501,23,24.0555119047619,23.7082618519947,28.3420333862305,25.3686023809957
502,21,24.8888849206349,21.8264217400255,26.9666442871094,24.5606503159233
503,24,25.6584920634921,24.1002482911625,25.7714538574219,25.1767314040255
504,32,31.3040952380952,29.7304444284485,24.7584075927734,28.5976490864391
505,23,23.5872896825397,24.2194992763953,23.7650451660156,23.8572780416502
506,14,16.3395992063492,17.4417747576832,21.5046920776367,18.4286886805564
507,20,22.0150634920635,21.4437319431835,20.9471054077148,21.4686336143206
508,25,23.6239007936508,22.777416744142,19.8724670410156,22.0912615262695
509,20,19.6290396825397,22.1793998486345,19.5712356567383,20.4598917293041
510,27,26.1127222222222,26.5335855785467,19.2525482177734,23.9662853395141
511,19,18.5956587301587,19.9812248863753,19.052131652832,19.2096717564554
512,24,23.6571071428571,23.0929601894669,18.5884552001953,21.7795075108398
513,12,12.7373809523809,12.7947390427031,18.5282669067383,14.6867956339408
514,12,14.1387896825397,12.5604632490218,18.4222106933594,15.0404878749736
515,28,24.33975,28.2724806807182,18.1910629272461,23.6010978693214
516,11,11.4667380952381,7.71633650553892,18.0987243652344,12.4272663220038
517,11,12.6355317460317,13.0421300560816,17.9160766601562,14.5312461540899
518,9,9.8370753968254,10.0391280510133,17.4711303710938,12.4491112729775
519,15,14.1731518759019,13.8511321642187,17.2943496704102,15.1062112368436
520,8,8.67988888888889,6.36035564441776,16.9341583251953,10.6581342861673
521,7,8.4730183982684,8.63298162091763,16.855598449707,11.3205328229644
522,7,8.00122222222222,8.19648866582653,16.677116394043,10.9582757606972
523,14,13.1909473304473,13.0175971218556,16.1823348999023,14.1302931174017
524,11,9.86210101010101,8.76368491092046,16.2332382202148,11.6196747137454
525,3,5.30666991341991,2.70934080992638,16.0519638061523,8.02265817649955
526,2,3.97289749139749,3.04944792410771,15.9229278564453,7.64842442398351
527,9,8.6959126984127,7.7624911552768,15.6444320678711,10.7009453071869
528,14,12.3575505050505,10.700699753614,15.6282424926758,12.8954975837801
529,4,4.56263816738817,2.19079106715716,15.6011581420898,7.45152912554506
530,15,14.3312627927628,15.5115913797822,15.5426940917969,15.128516088114
531,3,4.26723737373737,2.97241646068969,15.4199829101562,7.55321224819444
532,8,9.86532142857143,8.47535196021282,15.2885818481445,11.2097517456429
533,12,11.3729365079365,9.60211820343811,15.3243026733398,12.0997857949048
534,11,10.3865891053391,10.3558995016328,15.4285507202148,12.0570131090622
535,11,10.7532009379509,10.6774609096442,15.4178924560547,12.2828514345499
536,7,7.07653676878677,5.0350954772803,15.3393020629883,9.15031143635178
537,6,7.06529326229326,8.04410220196483,15.4362335205078,10.1818763282553
538,6,6.75369044844045,8.03279148643423,15.1909332275391,9.99247172080458
539,8,7.94917893217893,8.36039865369129,15.3412017822266,10.5502597893656
540,10,9.05021608946609,8.79126121136371,15.2616806030273,11.0343859679524
541,15,13.7916325618826,13.3370400059337,15.1992111206055,14.1092945628072
542,4,4.8997886002886,2.89937764418599,15.2066421508789,7.66860279845116
543,12,13.1286565656566,12.0064691410405,15.0725326538086,13.4025527868352
544,11,10.0433192640693,10.4628599771609,15.0900421142578,11.865407118496
545,10,10.146224025974,11.0225802763705,15.1254577636719,12.0980873553388
546,13,12.4891417748918,11.8921091003544,15.1636810302734,13.1816439685065
547,10,9.61654437229437,9.89421434500483,15.2157592773438,11.5755059982143
548,10,10.2569343434343,11.2962751022365,15.2210922241211,12.2581005565973
549,6,6.72494946719947,4.73400810340398,15.1102600097656,8.85640586012302
550,10,10.8742943722944,8.87698014946861,15.2302856445312,11.6605200554314
551,9,8.78950396825397,9.04077414936469,15.1126022338867,10.9809601171685
552,10,9.9429834054834,10.2124549056528,15.116081237793,11.7571731829764
553,6,6.13319480519481,5.75353243932173,15.0922164916992,8.99298124540525
554,14,13.6175535575536,13.434090811951,14.9522018432617,14.0012820709221
555,6,6.39069877344878,3.95751488796312,14.9750137329102,8.44107579810735
556,5,5.93481313131313,6.9153756456085,14.8891067504883,9.24643184246997
557,0,1.75103472263031,0.649554514150247,14.8813247680664,5.76063800161565
558,4,4.95889232697127,5.11784699601414,14.7299346923828,8.26889133845607
559,3,2.86775448641397,3.55614682048015,14.6852569580078,7.03638608830065
560,4,4.04702231534039,3.94678499832399,14.5706253051758,7.52147753961339
561,3,2.89565078163921,3.99775390127257,14.5557174682617,7.1497073837245
562,2,2.48346344952688,2.37062346392194,14.3041458129883,6.38607757547903
563,2,2.31144899872514,2.3271125681692,14.2646865844727,6.30108271712233
564,1,1.80272846013486,1.13394700945878,14.1371002197266,5.69125856310673
565,9,7.08282636515531,8.80213378687573,14.1416015625,10.0088539048437
566,5,4.50823588618983,4.51722491402448,14.1195983886719,7.71501972962873
567,4,4.42052803848199,4.57269656712383,14.1384201049805,7.7105482368621
568,6,5.78734834317729,5.68420577561412,14.0952911376953,8.52228175216224
569,8,7.1920505050505,7.01063977080208,14.1214981079102,9.44139612792091
570,4,4.23966079461474,2.81435809649327,14.1792831420898,7.07776734439928
571,7,7.6023556998557,7.45649320269562,14.2099456787109,9.75626486042075
572,16,13.6592754190254,14.9315087120278,14.3019180297852,14.2975673869461
573,8,7.48974350649351,5.64899454414575,14.3195571899414,9.15276508019356
574,8,8.59678751803752,9.67309373832006,14.3999557495117,10.8899456686231
575,7,7.25655769230769,8.00295067528517,14.4390487670898,9.89951904489424
576,7,7.67837987012987,8.8713484875456,14.4535675048828,10.3344319541861
577,2,3.16056457431457,1.69159875684257,14.4486923217773,6.43361855097816
578,0,1.16811590533649,0.0114971772980949,14.4992370605469,5.22628338106049
579,1,2.76055991709963,2.55156199226727,14.4377212524414,6.5832810539361
580,4,4.47609013209013,4.22248486614877,14.2328338623047,7.64380295351453
581,6,5.12012897920793,5.4013185152926,14.2452087402344,8.25555207824497
582,9,8.07037049062049,9.17125564576568,14.1537628173828,10.4651296512563
583,6,5.56863843101343,6.1169096629159,14.1317443847656,8.60576415956499
584,4,4.50227118422513,5.3542321468217,14.0509338378906,7.96914572297915
585,6,5.74010089617984,5.47919166291685,14.0485153198242,8.42260262630697
586,11,9.93810317460317,10.4833728958044,14.0903778076172,11.5039512926749
587,7,6.15221861471861,6.00677253239932,14.2086486816406,8.78921327625285
588,2,2.99835792131845,2.10556301427833,14.2567901611328,6.45357036557653
589,5,6.05514274322169,5.52050928349225,14.2801666259766,8.6186062175635
590,10,9.47472222222222,7.91450266754927,14.4061126708984,10.5984458535566
591,7,6.23531691919192,6.46328325532727,14.7339401245117,9.14418009967697
592,0,2.21783369408369,1.4668446028077,15.0842971801758,6.25632515902239
593,9,8.53902380952381,9.08558072330579,15.3629989624023,10.995867831744
594,10,8.26984349130401,8.877908800338,15.6944427490234,10.9473983468885
595,5,4.94617261904762,5.15230846956631,16.1455307006836,8.74800392976584
596,12,12.145746031746,11.0555208554901,16.2747802734375,13.1586823868912
597,7,6.43975721500721,6.33857626330294,16.4094696044922,9.72926769426745
598,15,14.4620826118326,14.5843437424649,16.4104614257812,15.1522959266929
599,32,24.133544011544,27.5435462489601,16.5979995727539,22.7583632777527
600,24,19.7979246031746,21.7465628299375,17.1373672485352,19.5606182272158
601,17,17.5765912698413,16.0117748346925,17.4607620239258,17.0163760428198
602,10,12.3570277777778,8.34656501750898,17.9637908935547,12.8891278962805
603,19,18.8956468253968,17.2377971183906,18.6107559204102,18.2480666213992
604,17,16.4000422077922,14.9233797088321,19.2765502929688,16.8666574031977
605,17,17.10481998557,17.7504463492206,20.2494277954102,18.3682313767336
606,13,13.8921825396825,12.567982549308,20.979133605957,15.8130995649825
607,14,15.5122777777778,17.0825815482661,21.1834716796875,17.9261103352438
608,30,26.4378015873016,31.2087130051598,21.3410873413086,26.32920064459
609,18,16.8328055555556,16.0590060176294,21.6882171630859,18.1933429120903
610,10,12.2744603174603,14.9119599430731,22.0472869873047,16.4112357492794
611,8,11.0818333333333,13.6585364217421,22.0283813476562,15.5895837009106
612,5,7.86825,7.2351370407363,22.2047348022461,12.4360406143275
613,16,15.9387994227994,17.0476702226024,22.0207366943359,18.3357354465793
614,11,10.9051143578644,10.1970435677802,22.0231246948242,14.3750942068229
615,16,16.4376392496393,18.4023781074669,21.8225631713867,18.887526842831
616,17,16.6025396825397,16.3860853402059,21.1334381103516,18.0406877110324
617,17,16.6190025252525,17.7926672275455,20.8848419189453,18.4321705572478
618,17,16.939073953824,18.0637358506287,20.6427459716797,18.5485185920441
619,21,20.9077182539683,21.8675374552602,20.5554962158203,21.1102506416829
620,24,23.1508809523809,21.8675374552602,21.0309143066406,22.0164442380939
621,25,24.1505992063492,24.1323740498732,21.2871780395508,23.1900504319244
622,16,16.9958134920635,16.0896157489215,21.9099578857422,18.3317957089091
623,11,13.1662777777778,16.1270929058823,22.1989593505859,17.1641100114153
624,19,19.5995371572872,19.8082022302302,22.5949249267578,20.6675547714251
625,20,19.2840887445887,18.0637358506287,23.4510040283203,20.2662762078459
626,19,19.8856587301587,21.7506584891203,24.4366226196289,22.024313279636
627,21,22.7385833333333,21.1722772417688,25.2489318847656,23.0532641532893
628,26,25.3893055555556,27.6481426470275,26.0421676635742,26.3598719553857
629,29,27.8982579365079,27.4203072127036,26.8741607666016,27.397575305271
630,19,18.9052619047619,19.5417089659473,28.278938293457,22.2419697213887
631,25,25.1788333333333,25.6959993922095,29.7245483398438,26.8664603551289
632,10,13.4722976190476,9.88143166014126,31.1960067749023,18.1832453513637
633,7,11.5776785714286,12.0296973469015,32.9062423706055,18.8378727629785
634,25,22.4947341269841,25.9118896159615,34.5315856933594,27.6460698121017
635,36,30.0573293650794,34.3757933769869,38.7120094299316,34.3817107239993
636,60,52.0774722222222,58.0113534629684,43.0172500610352,51.0353585820753
637,79,67.1002777777778,70.3363908557322,49.8192901611328,62.4186529315476
638,74,68.5390753968254,71.6662537696396,61.6409912109375,67.2821067924675
639,24,35.5857976190476,26.9117169726871,72.5691757202148,45.0222301039832
640,28,38.5651587301587,34.3256291481119,84.3490447998047,52.4132775593584
641,69,71.4304642857143,69.3587565507102,100.121917724609,80.303712853678
642,107,95.0130238095238,101.483663086685,119.047920227051,105.181535707753
643,162,135.969845238095,163.384596184175,139.939849853516,146.431430425262
644,173,152.617591269841,172.572120366288,159.518981933594,161.569564523241
645,249,221.582567460318,244.147873441391,172.786880493164,212.839107131624
